interval,fast,slow,style,symbols,avg_is_sharpe,avg_oos_sharpe,avg_bh_oos_sharpe,avg_oos_return,avg_bh_oos_return,avg_oos_maxdd,avg_oos_trades,avg_full_cagr,avg_bh_full_cagr,avg_full_maxdd,median_full_return,symbols_oos_profitable,symbols_oos_beat_bh_sharpe
1d,9,12,trend,6,0.264,0.779,0.786,214.12,697.6,-25.76,125.33,5.88,13.95,-53.3,328.07,6,3
1d,7,250,trend,6,0.601,0.777,0.786,333,697.6,-24.77,8.17,10.22,13.95,-43.01,2329.41,6,3
1d,7,200,trend,6,0.526,0.776,0.786,301.72,697.6,-23.82,12.33,9.19,13.95,-48.26,1712.62,6,2
1d,7,15,trend,6,0.39,0.774,0.786,226.89,697.6,-28.79,86.67,7.79,13.95,-46.15,368.71,6,3
1d,7,20,trend,6,0.413,0.771,0.786,250.93,697.6,-26.72,66.33,8.05,13.95,-46.58,519.76,6,3
1d,7,300,trend,6,0.608,0.769,0.786,335.95,697.6,-25.47,6.83,10.7,13.95,-43.76,1887.49,6,3
1d,7,12,trend,6,0.189,0.768,0.786,214.49,697.6,-28.26,114.67,5.08,13.95,-59.52,183.96,6,3
1d,15,250,trend,6,0.583,0.767,0.786,339.1,697.6,-23.38,6.33,9.78,13.95,-49.03,1595.38,6,2
1d,4,200,trend,6,0.53,0.766,0.786,301.69,697.6,-23.5,15.33,9.56,13.95,-45.73,1402.32,6,1
1d,12,250,trend,6,0.598,0.759,0.786,331.89,697.6,-23.63,7.17,9.93,13.95,-46.94,1601.51,6,3
1d,4,300,trend,6,0.584,0.752,0.786,305.92,697.6,-24.67,9,10.27,13.95,-46.7,2009.32,6,3
1d,9,300,trend,6,0.614,0.752,0.786,316.75,697.6,-25.6,6.5,10.65,13.95,-45.18,1841.76,6,4
1d,5,25,trend,6,0.45,0.749,0.786,255.45,697.6,-26.21,61.33,8.45,13.95,-41.71,584.5,6,3
1d,5,300,trend,6,0.599,0.747,0.786,310.45,697.6,-25.67,8.67,10.6,13.95,-46.52,1933.36,6,3
1d,5,200,trend,6,0.523,0.746,0.786,287.65,697.6,-24.99,13.5,9.32,13.95,-48.28,1547.74,6,1
1d,12,200,trend,6,0.556,0.746,0.786,298.25,697.6,-24.23,8.83,9.66,13.95,-46.86,2334.58,6,1
1d,3,125,trend,6,0.485,0.745,0.786,283.33,697.6,-23.32,26.33,9.15,13.95,-50.98,1053.12,6,2
1d,9,200,trend,6,0.561,0.745,0.786,307.08,697.6,-25.48,10.5,9.6,13.95,-47.33,2248,6,1
1d,20,250,trend,6,0.573,0.745,0.786,324.77,697.6,-26.02,5.67,9.64,13.95,-51.7,1646.96,6,4
1d,2,200,trend,6,0.534,0.743,0.786,289.5,697.6,-25.11,21.17,9.73,13.95,-47.4,1677.39,6,2
1d,3,200,trend,6,0.531,0.743,0.786,296.54,697.6,-25.67,17.17,9.67,13.95,-47.19,1621.87,6,2
1d,5,20,trend,6,0.351,0.742,0.786,236.46,697.6,-26.42,73.17,7.28,13.95,-48.62,437.99,6,2
1d,2,150,trend,6,0.48,0.741,0.786,325.58,697.6,-26.51,25.67,8.79,13.95,-52.85,1209.72,6,1
1d,2,300,trend,6,0.586,0.739,0.786,292.4,697.6,-25.18,13.5,10.24,13.95,-46.77,2104.88,6,2
1d,4,20,trend,6,0.338,0.738,0.786,227.76,697.6,-28.86,78.17,7.25,13.95,-47.11,357.91,6,4
1d,9,250,trend,6,0.597,0.738,0.786,289.35,697.6,-26.69,7.5,9.92,13.95,-44.55,1826.73,6,2
1d,3,150,trend,6,0.514,0.737,0.786,302.76,697.6,-26.57,21.83,9.32,13.95,-50.03,1305.13,6,2
1d,4,125,trend,6,0.511,0.737,0.786,277.28,697.6,-24.61,22.67,9.59,13.95,-47.23,1105.54,6,1
1d,2,40,trend,6,0.387,0.736,0.786,202.56,697.6,-24.91,68.5,7.73,13.95,-46.23,772.33,6,3
1d,3,40,trend,6,0.394,0.736,0.786,213.33,697.6,-24.28,55.17,7.83,13.95,-46.54,907.75,6,3
1d,3,300,trend,6,0.576,0.736,0.786,317.21,697.6,-24.4,10,10.13,13.95,-47.77,2002.99,6,3
1d,5,15,trend,6,0.276,0.735,0.786,278.79,697.6,-29.7,90.17,6.29,13.95,-55.07,248.62,6,3
1d,3,60,trend,6,0.476,0.734,0.786,242.28,697.6,-25.25,44.67,9,13.95,-49.96,889.91,6,2
1d,7,60,trend,6,0.528,0.732,0.786,271.17,697.6,-23.13,30.83,9.46,13.95,-47.55,925.36,6,1
1d,125,250,trend,6,0.586,0.732,0.786,271.29,697.6,-29.94,3,10.21,13.95,-49.34,3060.32,6,3
1d,25,250,trend,6,0.568,0.73,0.786,305.27,697.6,-27.37,5.17,9.47,13.95,-51.2,1681.62,6,3
1d,4,250,trend,6,0.577,0.725,0.786,293.56,697.6,-25.43,11.67,10.07,13.95,-45.74,1666.37,6,2
1d,9,15,trend,6,0.403,0.725,0.786,220.78,697.6,-25.61,87,7.6,13.95,-44.22,584.29,6,1
1d,3,250,trend,6,0.574,0.722,0.786,282.16,697.6,-26.76,13.33,9.84,13.95,-47.42,1799.14,6,2
1d,15,200,trend,6,0.542,0.722,0.786,274.08,697.6,-24.99,7.83,9.26,13.95,-49.61,1983.81,6,1
1d,2,30,trend,6,0.387,0.721,0.786,255.27,697.6,-26.71,78.5,7.98,13.95,-45.01,604.43,6,2
1d,2,125,trend,6,0.476,0.721,0.786,274.47,697.6,-25.35,32.33,9.02,13.95,-54.22,872.9,6,1
1d,3,50,trend,6,0.445,0.721,0.786,207.06,697.6,-24.11,48.67,8.44,13.95,-45.33,1037.61,6,2
1d,7,25,trend,6,0.516,0.721,0.786,222.01,697.6,-25.92,54,9.1,13.95,-38.59,988.02,6,2
1d,5,250,trend,6,0.587,0.719,0.786,300.07,697.6,-25.91,10.33,9.98,13.95,-45.49,1975.44,6,2
1d,2,250,trend,6,0.542,0.718,0.786,297.56,697.6,-26.71,16.17,9.37,13.95,-46.49,1480.8,6,2
1d,15,300,trend,6,0.629,0.716,0.786,297.47,697.6,-28.13,5.5,10.46,13.95,-45.98,2159.66,6,4
1d,4,150,trend,6,0.54,0.715,0.786,294.01,697.6,-27.55,20.17,9.54,13.95,-48.99,1147.61,6,2
1d,5,125,trend,6,0.518,0.715,0.786,258.45,697.6,-27.36,19.83,9.44,13.95,-48.21,1162.75,6,2
1d,20,25,trend,6,0.535,0.714,0.786,192.8,697.6,-24.3,59.5,9.37,13.95,-49.54,1014.71,6,3
1d,3,30,trend,6,0.456,0.713,0.786,269.43,697.6,-27.02,66,8.59,13.95,-41.97,824.47,6,2
1d,12,300,trend,6,0.628,0.713,0.786,297.01,697.6,-27.69,5.67,10.58,13.95,-46.15,2279.86,6,3
1d,4,30,trend,6,0.446,0.711,0.786,253.27,697.6,-27.45,57.67,8.11,13.95,-40.32,622.79,6,3
1d,2,25,trend,6,0.347,0.71,0.786,318.42,697.6,-28.8,89.33,7.1,13.95,-49.36,393.81,6,2
1d,4,15,trend,6,0.253,0.71,0.786,259.81,697.6,-28.81,97.67,5.93,13.95,-54.3,153.27,6,3
1d,7,150,trend,6,0.511,0.71,0.786,268.66,697.6,-28.45,15.83,9.03,13.95,-51.66,1202.98,6,1
1d,4,25,trend,6,0.411,0.706,0.786,263.36,697.6,-27.47,67.5,7.9,13.95,-41.7,520.02,6,2
1d,2,20,trend,6,0.334,0.705,0.786,273.45,697.6,-27.6,102.5,6.8,13.95,-49.11,249.43,6,3
1d,7,125,trend,6,0.535,0.705,0.786,259.21,697.6,-27.25,16.33,9.41,13.95,-48.45,1219.43,6,2
1d,3,25,trend,6,0.381,0.703,0.786,282.51,697.6,-27.25,75.5,7.56,13.95,-46.23,383.32,6,2
1d,9,100,trend,6,0.533,0.703,0.786,220.03,697.6,-23.74,19.5,9.29,13.95,-46.04,1406.93,6,2
1d,5,30,trend,6,0.479,0.701,0.786,244.58,697.6,-27.64,53.67,8.64,13.95,-38.21,688.07,6,2
1d,4,2,dip,6,0.454,0.7,0.786,265.52,697.6,-27.28,336.5,9.06,13.95,-44.9,967.1,6,2
1d,9,60,trend,6,0.559,0.7,0.786,247.35,697.6,-23.46,28.33,9.68,13.95,-45.16,1160.22,6,1
1d,25,300,trend,6,0.619,0.699,0.786,290.26,697.6,-28.84,4.83,9.95,13.95,-50.59,2070.56,6,2
1d,20,200,trend,6,0.54,0.696,0.786,300.98,697.6,-28.93,7.33,9.11,13.95,-53.35,2020.02,6,2
1d,4,40,trend,6,0.411,0.695,0.786,199.88,697.6,-25.2,49,8.12,13.95,-43.17,603.22,6,3
1d,4,50,trend,6,0.478,0.695,0.786,196.54,697.6,-23.33,43.67,8.61,13.95,-44.42,865.82,6,1
1d,20,300,trend,6,0.608,0.695,0.786,290.05,697.6,-29.15,5.33,10,13.95,-49.34,2272.5,6,2
1d,2,50,trend,6,0.405,0.694,0.786,207.96,697.6,-24.79,60.17,7.78,13.95,-48.45,858.75,6,1
1d,9,125,trend,6,0.539,0.693,0.786,238.06,697.6,-26.54,14.67,9.33,13.95,-48.99,1294.28,6,1
1d,150,250,trend,6,0.6,0.691,0.786,263.03,697.6,-30.14,3.33,10.59,13.95,-47.12,3036.99,6,1
1d,3,75,trend,6,0.527,0.687,0.786,211.02,697.6,-25.4,38.67,9.46,13.95,-49.7,853.67,6,1
1d,30,300,trend,6,0.613,0.687,0.786,266.59,697.6,-29.1,4.83,9.96,13.95,-50.89,2092.94,6,2
1d,5,150,trend,6,0.536,0.684,0.786,279.78,697.6,-28.75,18.5,9.29,13.95,-50.88,1252.31,6,2
1d,9,25,trend,6,0.541,0.682,0.786,220.06,697.6,-26.72,50.33,9.46,13.95,-39.48,871.26,6,1
1d,2,60,trend,6,0.444,0.68,0.786,230.6,697.6,-25.67,54.17,8.44,13.95,-49.55,703.15,6,0
1d,15,30,trend,6,0.539,0.68,0.786,239.73,697.6,-25.15,41.33,9.66,13.95,-44.71,928.41,6,1
1d,12,100,trend,6,0.552,0.679,0.786,219.37,697.6,-25.32,17.5,9.56,13.95,-45.71,1341.08,6,1
1d,7,50,trend,6,0.52,0.678,0.786,199.58,697.6,-23.81,35.17,8.9,13.95,-45.53,754.55,6,1
1d,12,125,trend,6,0.551,0.678,0.786,235.93,697.6,-26.12,14,9.31,13.95,-47.31,1325.02,6,1
1d,5,50,trend,6,0.501,0.677,0.786,195.75,697.6,-23.5,40.5,8.87,13.95,-44.92,1054.78,6,1
1d,9,150,trend,6,0.506,0.677,0.786,272.93,697.6,-28,14.5,8.71,13.95,-50.99,1224.86,6,1
1d,12,150,trend,6,0.51,0.677,0.786,272.3,697.6,-27,11.67,8.81,13.95,-51.92,1465.35,6,1
1d,4,100,trend,6,0.541,0.676,0.786,278.87,697.6,-25.35,28.83,9.78,13.95,-47.73,905.42,6,1
1d,150,300,trend,6,0.631,0.676,0.786,272.02,697.6,-30.39,2.67,10.8,13.95,-45.49,2879.13,6,0
1d,9,50,trend,6,0.53,0.675,0.786,198.52,697.6,-24.08,32.5,9.27,13.95,-48.26,678.83,6,0
1d,3,20,trend,6,0.328,0.674,0.786,257.56,697.6,-27.43,86.33,6.78,13.95,-48.7,253.77,6,2
1d,15,150,trend,6,0.485,0.674,0.786,317.53,697.6,-28.4,10.5,8.48,13.95,-53.3,1356.32,6,1
1d,4,60,trend,6,0.495,0.672,0.786,233.31,697.6,-24.78,39.5,8.92,13.95,-48.49,806.07,6,0
1d,5,40,trend,6,0.433,0.672,0.786,186.98,697.6,-26.67,44.67,8.22,13.95,-42.46,520.52,6,2
1d,20,30,trend,6,0.519,0.672,0.786,190.51,697.6,-25.04,42.67,9.07,13.95,-48.73,767.75,6,1
1d,125,150,trend,6,0.526,0.672,0.786,355.66,697.6,-35.2,8.33,9.23,13.95,-54.43,1718.75,6,0
1d,15,25,trend,6,0.553,0.671,0.786,222.88,697.6,-26.14,49.83,9.78,13.95,-43.59,948.88,6,2
1d,5,100,trend,6,0.522,0.67,0.786,234.18,697.6,-25.76,25.5,9.34,13.95,-46.12,914.03,6,1
1d,100,250,trend,6,0.581,0.669,0.786,250.76,697.6,-32.54,3.83,10.25,13.95,-51.71,2578.94,6,1
1d,150,200,trend,6,0.531,0.668,0.786,392.12,697.6,-34.63,4.83,9.63,13.95,-49.68,2128.4,6,1
1d,5,2,dip,6,0.52,0.667,0.786,232,697.6,-26.08,272.5,9.88,13.95,-44.38,1023.96,6,1
1d,40,250,trend,6,0.56,0.664,0.786,268.8,697.6,-31.91,4.33,9.13,13.95,-53.22,2521.15,6,1
1d,7,100,trend,6,0.53,0.663,0.786,222.24,697.6,-24.86,22,9.17,13.95,-46.2,1101.59,6,1
1d,125,200,trend,6,0.485,0.663,0.786,363.69,697.6,-34.44,4.83,8.91,13.95,-54.54,2186.32,6,1
1d,25,200,trend,6,0.568,0.662,0.786,300.2,697.6,-29.6,6.5,9.49,13.95,-53.27,2047.58,6,1
1d,30,250,trend,6,0.564,0.661,0.786,280.94,697.6,-30.18,4.83,9.34,13.95,-52.16,1941.14,6,3
1d,3,100,trend,6,0.531,0.66,0.786,256.67,697.6,-25.21,34.67,9.53,13.95,-48.04,689.26,6,0
1d,9,40,trend,6,0.532,0.659,0.786,184.89,697.6,-25.79,37,9.35,13.95,-47.35,834.61,6,2
1d,40,300,trend,6,0.608,0.659,0.786,240.36,697.6,-30.31,4.17,9.88,13.95,-50.93,2511.87,6,1
1d,7,30,trend,6,0.499,0.658,0.786,200.63,697.6,-25.47,49.17,8.84,13.95,-38.55,644.57,6,0
1d,5,60,trend,6,0.531,0.657,0.786,222.33,697.6,-24.4,34.17,9.17,13.95,-48.02,753.25,6,0
1d,12,40,trend,6,0.503,0.654,0.786,200.33,697.6,-25.71,33.67,9.15,13.95,-49.14,621.07,6,0
1d,7,75,trend,6,0.521,0.649,0.786,259.93,697.6,-25.8,27,9.13,13.95,-47.11,1215.23,6,0
1d,7,40,trend,6,0.498,0.648,0.786,170.78,697.6,-24.87,40.67,8.75,13.95,-46.15,648.19,6,1
1d,250,300,trend,6,0.616,0.647,0.786,254.27,697.6,-30.84,3.17,10.66,13.95,-50.81,2716.78,6,0
1d,200,300,trend,6,0.633,0.645,0.786,259.24,697.6,-33.39,2.83,10.6,13.95,-49.98,3653.3,6,0
1d,9,30,trend,6,0.527,0.644,0.786,192.97,697.6,-25.83,45.33,9.07,13.95,-40.31,823.83,6,0
1d,30,200,trend,6,0.543,0.644,0.786,314.54,697.6,-32.01,5.83,8.8,13.95,-55.02,2103.64,6,2
1d,4,75,trend,6,0.533,0.643,0.786,208.23,697.6,-26.19,34,9.42,13.95,-49.24,793.83,6,0
1d,20,150,trend,6,0.495,0.643,0.786,296.5,697.6,-30.36,9.83,8.52,13.95,-51.82,1115.66,6,1
1d,100,75,dip,6,0.306,0.643,0.786,144.05,697.6,-25.1,13,5.67,13.95,-54.05,346.4,6,2
1d,100,200,trend,6,0.488,0.643,0.786,281.45,697.6,-35.25,4.83,8.63,13.95,-56.92,1725.85,6,1
1d,5,12,trend,6,0.202,0.642,0.786,252.93,697.6,-29.21,113.5,4.94,13.95,-59.08,164.47,6,1
1d,25,150,trend,6,0.512,0.642,0.786,296.1,697.6,-30.63,9.33,9.02,13.95,-51.29,1229.48,6,1
1d,9,75,trend,6,0.568,0.64,0.786,258.63,697.6,-25.37,24.5,9.63,13.95,-45.38,1546.51,6,0
1d,12,25,trend,6,0.577,0.64,0.786,208.35,697.6,-25.05,49.33,10.07,13.95,-37.81,1012.65,6,0
1d,15,125,trend,6,0.529,0.64,0.786,218.83,697.6,-26.48,12.5,8.72,13.95,-49.63,1328.25,6,0
1d,15,60,trend,6,0.531,0.634,0.786,217.67,697.6,-27.66,23.5,9.37,13.95,-46.74,955.03,6,0
1d,5,75,trend,6,0.543,0.628,0.786,217.45,697.6,-26.17,32,9.46,13.95,-49.6,912.53,6,0
1d,9,20,trend,6,0.48,0.627,0.786,224.37,697.6,-27.12,61.67,8.23,13.95,-42.32,508.11,6,1
1d,50,30,dip,6,0.325,0.621,0.786,186.07,697.6,-29.82,26.17,6.11,13.95,-53.63,319.73,6,1
1d,20,40,trend,6,0.426,0.62,0.786,190.65,697.6,-29.47,31.83,7.93,13.95,-53.88,441.67,6,1
1d,50,250,trend,6,0.579,0.62,0.786,230.7,697.6,-34.77,4.33,9.41,13.95,-52.31,2585.62,6,0
1d,2,12,trend,6,0.224,0.618,0.786,219.29,697.6,-27.88,143.67,5.01,13.95,-59.82,125.6,6,3
1d,12,15,trend,6,0.519,0.617,0.786,199.02,697.6,-25.17,105.67,8.86,13.95,-41.04,672.75,6,0
1d,12,50,trend,6,0.546,0.617,0.786,194.23,697.6,-25.87,29.83,9.43,13.95,-44.81,653.64,6,0
1d,20,60,trend,6,0.451,0.617,0.786,206.23,697.6,-28.44,22.5,8.05,13.95,-50.11,659.06,6,0
1d,7,3,dip,6,0.419,0.616,0.786,176.73,697.6,-30.78,189.17,7.46,13.95,-51.54,665.24,6,0
1d,12,60,trend,6,0.557,0.616,0.786,200.73,697.6,-24.99,26.5,9.35,13.95,-43.37,985.32,6,0
1d,30,150,trend,6,0.51,0.616,0.786,278.53,697.6,-31.65,8.33,8.75,13.95,-51.85,1283.26,6,1
1d,3,15,trend,6,0.303,0.615,0.786,249.13,697.6,-29.04,106.83,6.19,13.95,-51.14,239.95,6,2
1d,2,100,trend,6,0.548,0.614,0.786,199.82,697.6,-26.72,41.33,9.67,13.95,-48.09,949.72,6,0
1d,50,60,trend,6,0.484,0.614,0.786,215.05,697.6,-31.2,27.33,8.59,13.95,-53.36,1260.52,6,0
1d,12,75,trend,6,0.567,0.613,0.786,218.73,697.6,-26.34,22.33,9.41,13.95,-43.76,1605.61,6,0
1d,25,60,trend,6,0.426,0.613,0.786,193.55,697.6,-30.25,20,7.66,13.95,-51.96,612.12,6,0
1d,15,100,trend,6,0.518,0.61,0.786,207.48,697.6,-27.98,15.67,8.79,13.95,-45.69,977.02,6,0
1d,75,60,dip,6,0.261,0.61,0.786,133.2,697.6,-24.47,19,4.93,13.95,-56.83,290.41,6,2
1d,2,75,trend,6,0.516,0.608,0.786,191.67,697.6,-26.99,47.17,8.95,13.95,-50.02,803.68,6,0
1d,15,40,trend,6,0.476,0.606,0.786,186.38,697.6,-27,31.83,8.44,13.95,-48.38,588.02,6,1
1d,40,200,trend,6,0.544,0.606,0.786,263.72,697.6,-33.61,5.33,9.14,13.95,-53.08,1899.44,6,1
1d,50,200,trend,6,0.556,0.606,0.786,258.22,697.6,-35.02,5,9.12,13.95,-53.09,2066.05,5,1
1d,125,75,dip,6,0.27,0.606,0.786,133.11,697.6,-25.97,8.67,4.58,13.95,-59.99,269.85,6,1
1d,100,300,trend,6,0.583,0.604,0.786,191.81,697.6,-28.9,2.67,10.23,13.95,-49.93,3188.4,6,2
1d,15,75,trend,6,0.55,0.602,0.786,188.22,697.6,-27.92,20.33,9.12,13.95,-44.88,1197.01,6,0
1d,50,40,dip,6,0.299,0.602,0.786,179.69,697.6,-28.59,30.83,5.51,13.95,-53.14,269.48,6,0
1d,12,30,trend,6,0.54,0.601,0.786,189.73,697.6,-26.94,42.67,9.31,13.95,-44.27,829.99,6,0
1d,4,12,trend,6,0.219,0.598,0.786,246.66,697.6,-30.17,116.5,5.13,13.95,-56.3,105.62,5,2
1d,15,50,trend,6,0.493,0.598,0.786,187.1,697.6,-26.38,28.67,8.62,13.95,-48.19,591.97,6,0
1d,20,50,trend,6,0.475,0.598,0.786,156.32,697.6,-29.85,26.17,8.46,13.95,-52.21,623.09,6,0
1d,40,25,dip,6,0.371,0.598,0.786,195.47,697.6,-30.66,32.83,6.31,13.95,-54.21,525.03,6,0
1d,125,300,trend,6,0.624,0.596,0.786,189.71,697.6,-29.72,2.5,10.85,13.95,-47.74,3012.5,5,2
1d,9,3,dip,6,0.446,0.594,0.786,170.54,697.6,-32.24,156.17,7.66,13.95,-53.73,549.98,6,1
1d,150,60,dip,6,0.242,0.593,0.786,106.56,697.6,-24.79,6,4.28,13.95,-58.7,547.33,6,2
1d,75,300,trend,6,0.617,0.591,0.786,165.92,697.6,-29.14,3,10.2,13.95,-51.01,2982.01,6,2
1d,100,60,dip,6,0.277,0.591,0.786,111.43,697.6,-23.16,11.17,4.75,13.95,-58.07,294.97,6,1
1d,100,150,trend,6,0.522,0.591,0.786,311.94,697.6,-34.44,7.33,8.97,13.95,-54.92,1449.16,5,1
1d,20,125,trend,6,0.478,0.59,0.786,226.39,697.6,-28.55,11.83,8.12,13.95,-52.25,967.98,6,0
1d,50,75,trend,6,0.491,0.59,0.786,281.8,697.6,-32.79,15.67,8.25,13.95,-50.72,960.47,6,0
1d,200,250,trend,6,0.667,0.589,0.786,249.21,697.6,-34.5,4.5,11.14,13.95,-45.09,2857.08,6,0
1d,30,75,trend,6,0.472,0.588,0.786,211.74,697.6,-29.88,16.67,8.05,13.95,-53.19,956.08,6,1
1d,15,20,trend,6,0.503,0.586,0.786,248.35,697.6,-26.89,70.83,8.99,13.95,-41.32,748.09,6,0
1d,60,200,trend,6,0.526,0.585,0.786,253.4,697.6,-33.71,5,8.86,13.95,-53.5,1960.85,5,0
1d,30,40,trend,6,0.405,0.584,0.786,201.51,697.6,-29.23,35.17,7.1,13.95,-53.63,670.27,6,1
1d,30,100,trend,6,0.476,0.582,0.786,220.56,697.6,-29.32,11.67,8.19,13.95,-49.7,610.6,6,0
1d,7,2,dip,6,0.493,0.58,0.786,184.52,697.6,-30.24,212,8.47,13.95,-47.03,1440.95,6,0
1d,7,5,dip,6,0.496,0.579,0.786,159.18,697.6,-33.29,205.67,8.28,13.95,-54.98,846.13,6,1
1d,50,150,trend,6,0.558,0.578,0.786,294.88,697.6,-34.67,7,9.25,13.95,-52.92,1989.22,6,0
1d,75,200,trend,6,0.527,0.578,0.786,257.57,697.6,-36.21,4.83,8.61,13.95,-54.12,2161.44,5,1
1d,125,60,dip,6,0.237,0.575,0.786,104.26,697.6,-25.47,8.67,4.54,13.95,-57.61,257.41,6,2
1d,25,50,trend,6,0.45,0.574,0.786,170.81,697.6,-30.49,26.17,7.68,13.95,-54.86,492.13,6,0
1d,60,30,dip,6,0.301,0.574,0.786,158.77,697.6,-27.84,21.33,5.13,13.95,-55.36,268.82,6,0
1d,100,40,dip,6,0.285,0.574,0.786,118.46,697.6,-24.2,10.67,4.96,13.95,-55.78,254.64,6,1
1d,20,100,trend,6,0.498,0.573,0.786,217.22,697.6,-29.76,14,8.53,13.95,-46.78,688.3,6,0
1d,60,300,trend,6,0.603,0.573,0.786,131.71,697.6,-30.66,3.5,9.92,13.95,-50.12,2757.6,6,1
1d,25,30,trend,6,0.382,0.571,0.786,156.57,697.6,-27.8,51.5,7.1,13.95,-56.01,312.55,6,0
1d,9,4,dip,6,0.485,0.57,0.786,187.33,697.6,-31.66,149,8.03,13.95,-54.8,774.68,6,2
1d,30,125,trend,6,0.486,0.57,0.786,202.69,697.6,-31.27,10.33,8.13,13.95,-53.31,971.99,6,0
1d,40,150,trend,6,0.588,0.569,0.786,266.28,697.6,-33.8,7.33,9.74,13.95,-52.03,1543.66,6,0
1d,40,125,trend,6,0.539,0.568,0.786,239.46,697.6,-31.19,9.33,8.9,13.95,-51.65,1365.93,6,0
1d,2,15,trend,6,0.334,0.567,0.786,231,697.6,-30.74,124.83,6.15,13.95,-52.3,177.45,5,1
1d,75,150,trend,6,0.522,0.566,0.786,264.23,697.6,-34.89,6.83,8.89,13.95,-53.31,1587.46,5,0
1d,25,125,trend,6,0.472,0.565,0.786,214.74,697.6,-30.95,11.5,7.92,13.95,-51.72,974.36,6,0
1d,100,25,dip,6,0.276,0.565,0.786,138.26,697.6,-25.19,12.83,4.8,13.95,-58.27,278.55,6,1
1d,7,4,dip,6,0.413,0.564,0.786,176.34,697.6,-33.98,188,6.99,13.95,-55.4,636.7,6,0
1d,100,125,trend,6,0.556,0.563,0.786,288.26,697.6,-35.51,10.5,9.51,13.95,-50.9,1466.59,5,1
1d,9,2,dip,6,0.478,0.561,0.786,173.5,697.6,-32.13,177.67,8.01,13.95,-49.8,861.12,6,0
1d,50,300,trend,6,0.6,0.561,0.786,127.72,697.6,-32.16,3.67,9.8,13.95,-50.24,2172.14,6,1
1d,75,40,dip,6,0.29,0.561,0.786,117.79,697.6,-24.87,14.83,4.95,13.95,-54.4,329.49,6,0
1d,7,9,trend,6,0.119,0.56,0.786,166.39,697.6,-26.9,178.5,3.52,13.95,-64.44,83.83,6,0
1d,40,60,trend,6,0.451,0.557,0.786,189.29,697.6,-34.2,22.33,7.93,13.95,-56.88,659.74,6,0
1d,3,2,dip,6,0.468,0.556,0.786,209.92,697.6,-28.24,468.5,8.09,13.95,-45.39,1006.5,6,0
1d,100,50,dip,6,0.269,0.556,0.786,108.94,697.6,-24.09,10.5,4.57,13.95,-56.85,271.31,6,1
1d,20,12,dip,6,0.216,0.555,0.786,122.56,697.6,-30.7,62.17,3.8,13.95,-65.09,261.49,6,1
1d,250,200,dip,6,0.057,0.555,0.786,87.57,697.6,-20.45,4.33,1.41,13.95,-64.75,152.57,6,1
1d,60,40,dip,6,0.306,0.554,0.786,135.4,697.6,-27.64,22,5.06,13.95,-53.73,329.21,6,0
1d,75,25,dip,6,0.303,0.554,0.786,138.36,697.6,-28.7,17.67,5.17,13.95,-56.96,223.81,6,0
1d,150,75,dip,6,0.243,0.553,0.786,96.97,697.6,-25.3,6.5,4.03,13.95,-60.44,375.84,6,2
1d,50,100,trend,6,0.496,0.551,0.786,251.65,697.6,-33.62,10.67,8.27,13.95,-52.64,939.57,6,0
1d,20,75,trend,6,0.468,0.549,0.786,192.98,697.6,-28.82,18.67,7.81,13.95,-51.78,859.71,6,0
1d,50,25,dip,6,0.307,0.549,0.786,154.74,697.6,-30.98,25.83,5.27,13.95,-54.57,426.65,6,1
1d,50,125,trend,6,0.52,0.549,0.786,265.94,697.6,-33.09,8.67,8.75,13.95,-52.55,1182.44,6,0
1d,30,25,dip,6,0.334,0.547,0.786,179.55,697.6,-31.47,51.17,5.4,13.95,-58.97,298.8,6,0
1d,125,100,dip,6,0.201,0.547,0.786,88.17,697.6,-25.39,10,3.48,13.95,-61.59,315.15,6,1
1d,30,60,trend,6,0.464,0.543,0.786,155.3,697.6,-34.45,21.67,7.89,13.95,-53.19,801.01,6,0
1d,25,75,trend,6,0.463,0.541,0.786,180.64,697.6,-32.32,17.5,7.86,13.95,-53.78,795.33,6,0
1d,3,12,trend,6,0.253,0.539,0.786,194.69,697.6,-32.24,124.67,5.21,13.95,-56.28,219.71,6,1
1d,40,100,trend,6,0.47,0.538,0.786,225.2,697.6,-31.99,11,7.72,13.95,-54.66,878.27,6,0
1d,75,20,dip,6,0.283,0.538,0.786,126.58,697.6,-28.17,18.83,4.93,13.95,-58.22,247.86,6,0
1d,125,50,dip,6,0.245,0.538,0.786,94.73,697.6,-24.52,8.33,4.15,13.95,-58.53,332.19,6,2
1d,60,125,trend,6,0.526,0.537,0.786,260.05,697.6,-34.47,9,8.21,13.95,-52.6,1648,5,0
1d,60,150,trend,6,0.527,0.537,0.786,244.67,697.6,-35.32,6.5,8.62,13.95,-54.56,1469.56,5,0
1d,125,30,dip,6,0.272,0.536,0.786,128.38,697.6,-25.13,10,4.68,13.95,-58.14,215.25,6,1
1d,25,100,trend,6,0.477,0.535,0.786,192.11,697.6,-31.08,13,7.84,13.95,-50.89,760.99,6,0
1d,40,75,trend,6,0.455,0.534,0.786,234.13,697.6,-31.71,15.17,7.76,13.95,-53.87,848.19,6,0
1d,125,25,dip,6,0.282,0.534,0.786,118.62,697.6,-24.28,11.17,4.83,13.95,-57.79,217.86,6,1
1d,40,30,dip,6,0.344,0.533,0.786,135.97,697.6,-29.52,35.17,5.75,13.95,-52.69,266.1,6,0
1d,4,3,dip,6,0.404,0.53,0.786,175.65,697.6,-31.06,385.67,7.4,13.95,-48.82,645.24,6,0
1d,5,3,dip,6,0.439,0.53,0.786,129.21,697.6,-27.99,270.33,7.53,13.95,-45.85,854.65,6,0
1d,75,125,trend,6,0.487,0.53,0.786,227.48,697.6,-35.59,9,8.32,13.95,-55.86,997.89,6,0
1d,50,20,dip,6,0.278,0.529,0.786,166.37,697.6,-30.85,25.83,4.51,13.95,-57.24,249.1,6,0
1d,5,9,trend,6,0.111,0.523,0.786,156.59,697.6,-30.47,152,3.75,13.95,-62.96,54.69,6,0
1d,25,40,trend,6,0.366,0.523,0.786,133.49,697.6,-29.74,33,6.5,13.95,-54.67,340,6,0
1d,50,15,dip,6,0.263,0.523,0.786,140.69,697.6,-30.91,28.33,4.33,13.95,-58.98,237.01,6,0
1d,75,50,dip,6,0.262,0.523,0.786,99.33,697.6,-26.09,15.33,4.43,13.95,-56.16,258.48,6,1
1d,100,30,dip,6,0.273,0.521,0.786,115.22,697.6,-25.87,11.5,4.46,13.95,-58.54,307.55,6,0
1d,100,20,dip,6,0.254,0.52,0.786,116.12,697.6,-26.27,13.83,4.2,13.95,-57.5,259.84,6,0
1d,60,75,trend,6,0.506,0.519,0.786,215.91,697.6,-34.14,19.33,7.75,13.95,-51.56,1018.48,6,0
1d,40,15,dip,6,0.279,0.518,0.786,138.88,697.6,-30.16,31.67,4.51,13.95,-57.99,233.97,6,0
1d,60,100,trend,6,0.483,0.518,0.786,254.39,697.6,-33.48,11.17,8.07,13.95,-53.65,745.53,5,0
1d,125,40,dip,6,0.231,0.518,0.786,102.22,697.6,-25.06,9,3.99,13.95,-55.57,246.64,6,1
1d,150,40,dip,6,0.197,0.515,0.786,89.9,697.6,-25.34,6.83,3.29,13.95,-58.74,220.61,6,2
1d,12,20,trend,6,0.524,0.514,0.786,223.47,697.6,-28.49,62.5,8.65,13.95,-42.07,462.06,6,0
1d,150,100,dip,6,0.234,0.513,0.786,78.25,697.6,-23.01,7,3.9,13.95,-59.69,256.7,6,1
1d,30,12,dip,6,0.22,0.512,0.786,129.77,697.6,-30.46,42.33,3.51,13.95,-60,274.37,6,0
1d,40,50,trend,6,0.457,0.51,0.786,135.93,697.6,-35.63,31.17,7.34,13.95,-58.33,647.52,6,0
1d,150,50,dip,6,0.214,0.51,0.786,83.61,697.6,-24.89,6.5,3.62,13.95,-58.86,295.86,6,2
1d,40,20,dip,6,0.319,0.508,0.786,137.95,697.6,-31.09,31.67,4.97,13.95,-56.78,243.28,6,0
1d,12,3,dip,6,0.408,0.507,0.786,162.21,697.6,-34.02,124.67,6.47,13.95,-55.83,321.91,6,1
1d,50,12,dip,6,0.214,0.507,0.786,138.13,697.6,-30.87,29.5,3.55,13.95,-61.65,173.64,6,0
1d,60,25,dip,6,0.328,0.505,0.786,129.59,697.6,-28.44,19.67,5.24,13.95,-56.41,340.96,6,0
1d,75,30,dip,6,0.3,0.505,0.786,115.29,697.6,-27.16,16.83,4.98,13.95,-55.97,202.53,6,0
1d,75,250,trend,6,0.558,0.502,0.786,137.31,697.6,-34.39,3.83,9.28,13.95,-51.35,2539.36,6,0
1d,60,20,dip,6,0.3,0.501,0.786,125.27,697.6,-28.53,22.17,4.82,13.95,-56.56,282.85,6,0
1d,125,20,dip,6,0.28,0.498,0.786,109.84,697.6,-25.55,11.67,4.67,13.95,-55.98,260.9,6,0
1d,75,15,dip,6,0.209,0.496,0.786,127.88,697.6,-29.19,20.5,3.63,13.95,-59.77,134.99,6,0
1d,60,12,dip,6,0.212,0.495,0.786,120.96,697.6,-30.3,26.17,3.63,13.95,-60.01,149.39,6,0
1d,100,15,dip,6,0.241,0.494,0.786,121.05,697.6,-27.81,15.5,3.96,13.95,-59.01,235.31,6,1
1d,200,75,dip,6,0.217,0.494,0.786,75.38,697.6,-23.96,4.5,3.73,13.95,-61.41,391.36,6,1
1d,9,5,dip,6,0.516,0.492,0.786,140.75,697.6,-32,152.17,7.73,13.95,-57.74,736.96,6,0
1d,30,50,trend,6,0.435,0.49,0.786,135.81,697.6,-36.77,26.5,6.76,13.95,-56.91,603.86,6,0
1d,20,15,dip,6,0.22,0.489,0.786,100.96,697.6,-31.47,70.5,3.34,13.95,-64.85,230.99,6,0
1d,60,250,trend,6,0.552,0.489,0.786,132.18,697.6,-35.02,3.83,9.08,13.95,-51.61,2233.24,6,0
1d,75,100,trend,6,0.449,0.484,0.786,200.2,697.6,-34.59,13.33,7.07,13.95,-57.6,1035.03,5,0
1d,75,2,dip,6,0.241,0.483,0.786,124.61,697.6,-30.66,47.33,3.78,13.95,-60.25,164.07,6,0
1d,15,2,dip,6,0.337,0.482,0.786,145.55,697.6,-32.62,125,5.49,13.95,-55.39,378.47,6,1
1d,60,15,dip,6,0.226,0.482,0.786,113.85,697.6,-29.36,23.33,3.6,13.95,-58.9,164.03,6,0
1d,60,50,dip,6,0.274,0.481,0.786,110.49,697.6,-27.92,27,4.36,13.95,-55.93,230.68,6,0
1d,300,25,dip,6,0.138,0.481,0.786,67.8,697.6,-22.57,4.67,2.62,13.95,-61.5,149.17,6,1
1d,300,30,dip,6,0.141,0.481,0.786,71.54,697.6,-22.02,4.67,2.61,13.95,-60.75,167.7,6,1
1d,40,9,dip,6,0.231,0.479,0.786,134.16,697.6,-31.58,36.67,3.61,13.95,-61.67,185.02,6,0
1d,75,12,dip,6,0.195,0.479,0.786,111.12,697.6,-30.09,22.5,3.4,13.95,-61.13,107.28,6,0
1d,40,7,dip,6,0.258,0.478,0.786,142.15,697.6,-31.7,40.33,4.08,13.95,-59.86,223.79,6,0
1d,30,9,dip,6,0.232,0.475,0.786,123.99,697.6,-29.99,45,3.68,13.95,-62.51,182.95,6,0
1d,40,12,dip,6,0.252,0.475,0.786,123.42,697.6,-30.82,33.5,3.79,13.95,-61.22,264.94,6,0
1d,5,4,dip,6,0.304,0.474,0.786,116.92,697.6,-31.76,328,5,13.95,-57.32,247.45,6,0
1d,200,50,dip,6,0.199,0.474,0.786,74.34,697.6,-24.79,4.83,3.32,13.95,-60.54,347,6,2
1d,125,15,dip,6,0.235,0.471,0.786,111.08,697.6,-26.45,12.33,3.99,13.95,-56.59,187.35,6,0
1d,20,9,dip,6,0.254,0.47,0.786,112.87,697.6,-29.82,61.33,4.17,13.95,-62.31,296.43,6,0
1d,300,40,dip,6,0.136,0.47,0.786,72.35,697.6,-22.86,4,2.59,13.95,-61.1,181.9,6,1
1d,100,2,dip,6,0.212,0.468,0.786,113.28,697.6,-30.55,41.33,3.14,13.95,-59.54,204.62,6,0
1d,250,30,dip,6,0.2,0.463,0.786,70.22,697.6,-24.12,4.67,3.25,13.95,-60.58,186.49,6,1
1d,25,12,dip,6,0.176,0.462,0.786,110.99,697.6,-32.31,49,2.6,13.95,-66.9,162.9,6,0
1d,75,5,dip,6,0.222,0.462,0.786,105.9,697.6,-30.22,32.17,3.44,13.95,-59.47,169.03,6,0
1d,300,50,dip,6,0.146,0.462,0.786,79.42,697.6,-23.14,3.67,2.68,13.95,-61.09,206.39,6,1
1d,50,9,dip,6,0.231,0.461,0.786,125.15,697.6,-30.85,32.17,3.63,13.95,-61.42,153.92,6,0
1d,30,7,dip,6,0.249,0.46,0.786,118.36,697.6,-31.92,49,3.79,13.95,-64.31,202.25,6,0
1d,12,4,dip,6,0.437,0.459,0.786,138.39,697.6,-33.88,116.17,6.66,13.95,-56.29,435.31,6,1
1d,40,5,dip,6,0.303,0.458,0.786,134.99,697.6,-32.82,44.33,4.48,13.95,-60.22,235.39,6,0
1d,15,3,dip,6,0.372,0.457,0.786,141.81,697.6,-32.51,106.83,5.71,13.95,-58.28,310.95,6,1
1d,50,7,dip,6,0.244,0.456,0.786,122.36,697.6,-31.22,34.83,3.92,13.95,-59.18,176.92,6,0
1d,200,60,dip,6,0.227,0.456,0.786,67.46,697.6,-25.31,4.83,3.57,13.95,-59.8,442.28,6,1
1d,30,20,dip,6,0.233,0.455,0.786,132.06,697.6,-32.1,42.5,3.69,13.95,-60.1,200.98,6,0
1d,75,4,dip,6,0.231,0.455,0.786,110.25,697.6,-30.77,34.17,3.45,13.95,-59.23,171.66,6,0
1d,200,40,dip,6,0.216,0.455,0.786,68.33,697.6,-25.12,5.17,3.42,13.95,-60.06,270.96,6,1
1d,150,30,dip,6,0.26,0.452,0.786,81.98,697.6,-25.74,7.83,4.24,13.95,-56.44,274.65,6,1
1d,300,250,dip,6,0.116,0.452,0.786,54.69,697.6,-17.72,3.17,1.81,13.95,-60.35,119.25,6,1
1d,250,60,dip,6,0.192,0.451,0.786,69.97,697.6,-23.54,3.67,3.25,13.95,-60.69,389.91,6,1
1d,300,200,dip,6,0.113,0.451,0.786,60.1,697.6,-19.95,2.67,1.97,13.95,-58.91,140.66,6,1
1d,50,5,dip,6,0.261,0.45,0.786,122.69,697.6,-32.14,40.17,3.95,13.95,-58.47,219.5,6,0
1d,100,7,dip,6,0.225,0.448,0.786,107.93,697.6,-29.95,22,3.55,13.95,-59.76,275.04,6,0
1d,9,7,dip,6,0.5,0.446,0.786,146.58,697.6,-31.23,178.67,7.57,13.95,-53.78,931.08,6,0
1d,75,9,dip,6,0.192,0.446,0.786,91.86,697.6,-30.04,24.67,3.1,13.95,-60.46,76.19,6,0
1d,60,5,dip,6,0.236,0.445,0.786,104.11,697.6,-31.34,34.17,3.66,13.95,-58.42,163.87,6,0
1d,300,20,dip,6,0.146,0.445,0.786,65.19,697.6,-22.11,5.17,2.56,13.95,-61.93,165.58,6,0
1d,30,15,dip,6,0.216,0.443,0.786,101.67,697.6,-31.73,41.17,3.18,13.95,-60.81,200.06,6,0
1d,75,7,dip,6,0.222,0.442,0.786,90.23,697.6,-30.61,27.17,3.46,13.95,-59.27,122.55,6,0
1d,250,40,dip,6,0.205,0.441,0.786,67.6,697.6,-24.31,4.17,3.44,13.95,-61.25,204.09,6,1
1d,250,50,dip,6,0.17,0.44,0.786,72.42,697.6,-24.68,4.17,2.96,13.95,-61.34,204.41,6,1
1d,15,12,dip,6,0.196,0.439,0.786,101.24,697.6,-31.29,105.33,3.04,13.95,-65.3,147.1,6,0
1d,125,12,dip,6,0.217,0.439,0.786,103.28,697.6,-27.85,13.83,3.5,13.95,-59.59,176.46,6,0
1d,150,20,dip,6,0.249,0.439,0.786,77.71,697.6,-24.4,9.33,3.95,13.95,-55.63,158.35,6,0
1d,200,30,dip,6,0.212,0.436,0.786,63.77,697.6,-25.55,5.67,3.64,13.95,-57.83,168.31,6,2
1d,300,60,dip,6,0.143,0.436,0.786,70.85,697.6,-22.63,3.5,2.58,13.95,-60.38,193.47,5,1
1d,25,15,dip,6,0.198,0.435,0.786,103.44,697.6,-32.53,49.83,2.85,13.95,-59.3,159.3,6,0
1d,40,4,dip,6,0.317,0.435,0.786,121.33,697.6,-32.57,48.67,4.54,13.95,-59.77,271.05,6,0
1d,50,4,dip,6,0.277,0.435,0.786,118.11,697.6,-32.49,43.33,4.13,13.95,-58.55,154.72,6,0
1d,12,2,dip,6,0.418,0.434,0.786,136.93,697.6,-34.81,143.67,6.42,13.95,-55.82,451.85,6,0
1d,25,9,dip,6,0.209,0.434,0.786,108.85,697.6,-31.09,50,3.13,13.95,-61.5,162.9,6,0
1d,100,12,dip,6,0.206,0.432,0.786,111.57,697.6,-28.87,17.33,3.17,13.95,-60.02,170.48,6,0
1d,60,4,dip,6,0.262,0.429,0.786,96.88,697.6,-31.66,39.5,3.85,13.95,-56.3,196.03,6,0
1d,30,5,dip,6,0.262,0.428,0.786,108.45,697.6,-31.89,53.33,3.89,13.95,-63.71,180.28,6,0
1d,50,2,dip,6,0.32,0.428,0.786,113.36,697.6,-32.86,59.83,4.71,13.95,-55.65,235.47,6,0
1d,2,9,trend,6,0.137,0.427,0.786,143.38,697.6,-31.5,177.83,3.08,13.95,-65.46,51.19,5,0
1d,60,9,dip,6,0.211,0.426,0.786,96.48,697.6,-31.76,28.17,3.27,13.95,-58.87,119.78,6,0
1d,100,5,dip,6,0.227,0.426,0.786,99.31,697.6,-30.51,25.5,3.37,13.95,-59.34,180.71,6,0
1d,4,9,trend,6,0.147,0.424,0.786,154.17,697.6,-29.29,149.17,3.46,13.95,-61.25,109.6,5,0
1d,12,5,dip,6,0.458,0.424,0.786,118.35,697.6,-35.31,113.17,6.87,13.95,-54.88,560.96,6,0
1d,30,4,dip,6,0.287,0.424,0.786,111.69,697.6,-31.69,57.5,4.34,13.95,-60.95,201.56,6,0
1d,100,3,dip,6,0.214,0.424,0.786,86.97,697.6,-30.52,34.67,3.04,13.95,-58.55,227.15,6,0
1d,150,25,dip,6,0.249,0.423,0.786,77.64,697.6,-25.4,8.83,3.94,13.95,-56.76,253.92,6,1
1d,75,3,dip,6,0.234,0.422,0.786,105.7,697.6,-31.03,38.83,3.35,13.95,-58.93,133.39,6,0
1d,20,3,dip,6,0.359,0.421,0.786,128.13,697.6,-33.53,86,5.29,13.95,-57.06,252.6,6,0
1d,60,2,dip,6,0.292,0.421,0.786,96.49,697.6,-32.04,54.17,4.16,13.95,-56.6,234.14,6,0
1d,125,9,dip,6,0.227,0.42,0.786,100.91,697.6,-29.31,14.5,3.49,13.95,-58.19,196.43,6,0
1d,50,3,dip,6,0.296,0.415,0.786,119.61,697.6,-33.2,48.33,4.26,13.95,-57.63,163.82,6,0
1d,100,9,dip,6,0.219,0.415,0.786,105.77,697.6,-29.61,19.5,3.35,13.95,-59.82,199.07,6,0
1d,250,75,dip,6,0.184,0.415,0.786,64.48,697.6,-23.23,3.67,3.09,13.95,-60.48,276.2,5,1
1d,4,7,trend,6,0.21,0.413,0.786,127.96,697.6,-28.8,187.67,4.01,13.95,-56.22,85.15,5,0
1d,25,4,dip,6,0.31,0.413,0.786,91.67,697.6,-33.05,67.17,4.5,13.95,-60.72,286.89,6,0
1d,250,25,dip,6,0.198,0.413,0.786,60.13,697.6,-23.45,5.17,3.12,13.95,-60.88,146.61,6,0
1d,300,150,dip,6,0.099,0.413,0.786,49.48,697.6,-20.68,2.67,1.6,13.95,-60.59,105.13,6,0
1d,125,7,dip,6,0.222,0.412,0.786,92.41,697.6,-29.33,16.17,3.31,13.95,-57.41,194.62,6,0
1d,25,3,dip,6,0.327,0.409,0.786,99.54,697.6,-34.09,75.5,4.71,13.95,-57.25,281.36,6,0
1d,25,7,dip,6,0.234,0.409,0.786,111.42,697.6,-32.56,53.67,3.47,13.95,-60.8,197.48,6,0
1d,100,4,dip,6,0.206,0.409,0.786,80.73,697.6,-30.5,28.83,2.88,13.95,-60.07,159.29,6,0
1d,150,12,dip,6,0.231,0.409,0.786,78.52,697.6,-26.55,11,3.59,13.95,-57.5,190.82,6,0
1d,30,3,dip,6,0.272,0.406,0.786,94.13,697.6,-32.64,65.83,3.84,13.95,-60.84,231.04,6,0
1d,25,20,dip,6,0.209,0.405,0.786,123.48,697.6,-33.34,59.5,3.13,13.95,-57.51,117.15,5,0
1d,40,3,dip,6,0.333,0.405,0.786,108.8,697.6,-33.29,55.17,4.74,13.95,-58.42,260.29,6,0
1d,150,5,dip,6,0.21,0.405,0.786,80.17,697.6,-29.08,18.17,3.14,13.95,-57.77,154,6,1
1d,40,2,dip,6,0.327,0.402,0.786,115.75,697.6,-34.52,68.5,4.64,13.95,-57.39,319.4,6,0
1d,150,9,dip,6,0.241,0.402,0.786,77.29,697.6,-28.59,13.83,3.79,13.95,-56.79,159.63,6,0
1d,25,2,dip,6,0.346,0.401,0.786,97.21,697.6,-32.44,89.33,4.97,13.95,-56.83,319.63,6,0
1d,4,5,trend,6,0.246,0.4,0.786,101.48,697.6,-28.22,328,4.19,13.95,-52.52,135.08,6,0
1d,125,5,dip,6,0.235,0.4,0.786,94.52,697.6,-29.22,19.67,3.32,13.95,-58.97,223.7,6,0
1d,60,7,dip,6,0.237,0.399,0.786,83.81,697.6,-30.59,30.67,3.44,13.95,-58.44,115.2,6,0
1d,150,15,dip,6,0.256,0.398,0.786,68.44,697.6,-25.01,9.83,3.93,13.95,-55.63,155.91,6,0
1d,30,2,dip,6,0.317,0.397,0.786,97.67,697.6,-32.81,78.33,4.28,13.95,-58.95,263.77,6,0
1d,250,20,dip,6,0.191,0.397,0.786,56.56,697.6,-23.45,5.67,2.94,13.95,-60.62,151.51,6,0
1d,200,25,dip,6,0.187,0.395,0.786,55.4,697.6,-24.97,6.33,3.01,13.95,-58.45,151.21,6,0
1d,3,9,trend,6,0.192,0.393,0.786,135.2,697.6,-34.85,156.17,3.7,13.95,-58.86,83.98,5,0
1d,20,2,dip,6,0.346,0.392,0.786,104.49,697.6,-33.1,102.67,5.04,13.95,-55.48,230.47,6,0
1d,15,4,dip,6,0.421,0.39,0.786,111.96,697.6,-34.93,97.33,6.08,13.95,-54.34,403.38,6,0
1d,300,15,dip,6,0.132,0.389,0.786,56,697.6,-22.33,5.33,2.16,13.95,-61.9,103.68,6,0
1d,250,100,dip,6,0.157,0.387,0.786,53.32,697.6,-21.89,3.83,2.18,13.95,-62.45,204.4,6,0
1d,150,7,dip,6,0.237,0.386,0.786,79.76,697.6,-29.21,15.17,3.51,13.95,-57.99,213.32,6,0
1d,25,5,dip,6,0.283,0.385,0.786,90.23,697.6,-32.96,61,4.02,13.95,-61.2,170.52,6,0
1d,200,100,dip,6,0.242,0.384,0.786,56.89,697.6,-23.48,4.5,3.61,13.95,-57.53,350.2,5,1
1d,250,150,dip,6,0.128,0.384,0.786,51.45,697.6,-21.08,3.17,1.81,13.95,-59.3,110.07,6,0
1d,60,3,dip,6,0.272,0.383,0.786,89.62,697.6,-31.68,44.67,3.74,13.95,-58.42,182.14,6,0
1d,200,125,dip,6,0.234,0.383,0.786,47.97,697.6,-22.34,4.5,3.29,13.95,-58.39,362.69,6,0
1d,125,2,dip,6,0.263,0.382,0.786,82.38,697.6,-29.34,32.33,3.61,13.95,-58.36,230.91,6,0
1d,300,12,dip,6,0.128,0.382,0.786,56.55,697.6,-23.4,5.5,2.03,13.95,-62.21,128.69,6,0
1d,15,9,dip,6,0.304,0.379,0.786,95.08,697.6,-31.36,86.5,4.54,13.95,-60.5,280.64,6,0
1d,3,5,trend,6,0.137,0.378,0.786,114.38,697.6,-30.05,270,2.44,13.95,-68.11,51.33,5,0
1d,150,125,dip,6,0.223,0.378,0.786,51.71,697.6,-24.05,7.83,3.23,13.95,-60.1,130.8,6,0
1d,20,5,dip,6,0.353,0.377,0.786,99.82,697.6,-32.64,72.83,4.99,13.95,-57.15,374.06,6,0
1d,20,4,dip,6,0.359,0.376,0.786,114.47,697.6,-32.91,77.83,4.98,13.95,-55.77,247.4,6,0
1d,2,7,trend,6,0.099,0.375,0.786,129.74,697.6,-36.84,211.67,2.17,13.95,-68.12,23.3,6,0
1d,200,20,dip,6,0.21,0.374,0.786,53.48,697.6,-26.21,7.33,3.32,13.95,-59.23,129.7,6,0
1d,15,5,dip,6,0.405,0.372,0.786,109.42,697.6,-35.43,89.83,5.78,13.95,-56.42,469,6,0
1d,300,75,dip,6,0.145,0.372,0.786,50.59,697.6,-22.59,3.17,2.47,13.95,-60.93,162.41,5,1
1d,5,7,trend,6,0.099,0.371,0.786,120.51,697.6,-33.91,205.33,2.55,13.95,-63.63,25.36,5,0
1d,125,4,dip,6,0.242,0.369,0.786,82.8,697.6,-29.7,22.5,3.23,13.95,-58.87,121.06,6,0
1d,150,4,dip,6,0.2,0.368,0.786,67.16,697.6,-29.37,20,2.76,13.95,-58.32,124.46,6,0
1d,125,3,dip,6,0.262,0.364,0.786,78.22,697.6,-29.23,26.17,3.57,13.95,-58.66,224.42,6,0
1d,250,125,dip,6,0.14,0.363,0.786,46.83,697.6,-22.14,3,2.08,13.95,-59.21,83.98,6,0
1d,300,125,dip,6,0.109,0.362,0.786,44.47,697.6,-21.27,2.67,1.63,13.95,-60.88,75.1,6,0
1d,20,7,dip,6,0.304,0.353,0.786,84.75,697.6,-30.92,66.17,4.27,13.95,-58.1,274.94,6,0
1d,200,15,dip,6,0.212,0.349,0.786,54.13,697.6,-25.47,7.67,3.25,13.95,-59.17,113.96,6,0
1d,250,15,dip,6,0.183,0.346,0.786,46.4,697.6,-24.96,6.33,2.77,13.95,-60.86,86.72,6,0
1d,150,3,dip,6,0.22,0.345,0.786,63.35,697.6,-29.3,21.67,2.93,13.95,-58.02,170.79,6,0
1d,250,3,dip,6,0.183,0.345,0.786,52.36,697.6,-28.27,13.33,2.69,13.95,-63.12,190.01,6,0
1d,300,100,dip,6,0.17,0.345,0.786,43.05,697.6,-22.21,2.83,2.41,13.95,-60.52,180.03,6,0
1d,3,7,trend,6,0.199,0.343,0.786,102.09,697.6,-32.01,188.83,3.43,13.95,-58.55,47.38,5,0
1d,250,9,dip,6,0.166,0.342,0.786,51.66,697.6,-26.67,7.5,2.6,13.95,-61.21,125.31,6,0
1d,15,7,dip,6,0.317,0.341,0.786,98.4,697.6,-32.61,86.17,4.38,13.95,-57.98,361.59,6,0
1d,250,4,dip,6,0.18,0.339,0.786,49.96,697.6,-28.41,11.67,2.52,13.95,-63.08,148.91,6,0
1d,250,2,dip,6,0.209,0.338,0.786,49.95,697.6,-28.24,16.17,3.06,13.95,-61.55,186.59,6,0
1d,250,5,dip,6,0.169,0.337,0.786,48.59,697.6,-28.27,10.33,2.51,13.95,-61.21,169.92,6,0
1d,200,150,dip,6,0.195,0.335,0.786,43.22,697.6,-22.72,4.67,2.7,13.95,-57.94,245.74,5,1
1d,300,2,dip,6,0.165,0.335,0.786,55.25,697.6,-26.31,13.33,2.26,13.95,-61.08,160.04,6,0
1d,300,3,dip,6,0.174,0.335,0.786,53.33,697.6,-25.91,9.83,2.39,13.95,-60.94,185.33,6,0
1d,150,2,dip,6,0.249,0.333,0.786,57.21,697.6,-29.23,25.5,3.38,13.95,-57.79,256.34,5,0
1d,12,7,dip,6,0.464,0.33,0.786,99.53,697.6,-32.07,114.33,6.65,13.95,-54.02,710.31,5,0
1d,200,12,dip,6,0.195,0.329,0.786,47.56,697.6,-25.95,8.67,2.85,13.95,-59.26,143.56,6,0
1d,300,9,dip,6,0.142,0.327,0.786,46.34,697.6,-24.57,6.33,1.97,13.95,-62.11,87.23,6,0
1d,200,9,dip,6,0.202,0.323,0.786,47.72,697.6,-27.97,10.33,3.02,13.95,-58.77,155.04,6,0
1d,250,12,dip,6,0.169,0.323,0.786,43.94,697.6,-25.18,7.17,2.61,13.95,-61.38,97.67,6,0
1d,300,4,dip,6,0.166,0.32,0.786,51.43,697.6,-25.77,8.83,2.29,13.95,-61.03,121.51,6,0
1d,200,5,dip,6,0.236,0.315,0.786,49.22,697.6,-28.48,13.33,3.27,13.95,-59.84,196.5,6,0
1d,12,9,dip,6,0.396,0.312,0.786,87.24,697.6,-33.57,125,5.69,13.95,-56.25,525.54,6,0
1d,200,3,dip,6,0.218,0.311,0.786,47.76,697.6,-28.73,17,2.86,13.95,-60.22,235.64,6,0
1d,200,2,dip,6,0.202,0.306,0.786,50.17,697.6,-28.6,21,2.59,13.95,-60.46,201.17,5,0
1d,300,5,dip,6,0.153,0.306,0.786,43.97,697.6,-26.03,8.5,2.01,13.95,-61.32,111.17,6,0
1d,3,4,trend,6,0.108,0.3,0.786,50.89,697.6,-38.21,385.33,1.28,13.95,-69.86,57.68,6,0
1d,200,7,dip,6,0.239,0.298,0.786,45.15,697.6,-28.11,12.17,3.43,13.95,-57.47,160.35,6,0
1d,200,4,dip,6,0.226,0.294,0.786,44.19,697.6,-28.78,15.17,2.98,13.95,-59.96,142.85,6,0
1d,250,7,dip,6,0.158,0.293,0.786,39.65,697.6,-28.19,8.17,2.26,13.95,-61.21,104.86,6,0
1d,300,7,dip,6,0.147,0.293,0.786,38.3,697.6,-25.56,6.67,1.86,13.95,-60.7,108.28,6,0
1d,2,5,trend,6,0.039,0.226,0.786,43.32,697.6,-39.74,272.17,0.23,13.95,-71.81,-2.9,5,0
1d,2,3,trend,6,-0.041,0.204,0.786,25.59,697.6,-37.32,468.5,-0.43,13.95,-80.35,-20.87,5,0
1d,2,4,trend,6,0.073,0.136,0.786,22.06,697.6,-41.52,336.17,0.26,13.95,-72.22,-2.68,4,0
1h,75,125,trend,6,0.222,1.734,1.26,16.4,16.96,-8.55,4.17,8.66,15.78,-18.33,20.17,6,5
1h,75,30,dip,6,0.737,1.71,1.26,14.48,16.96,-7.39,6.67,12.57,15.78,-19.18,23.31,6,4
1h,60,50,dip,6,0.44,1.691,1.26,15.66,16.96,-7.71,12,11.03,15.78,-21.65,33.55,6,4
1h,60,30,dip,6,0.822,1.641,1.26,14.31,16.96,-7.18,9.17,14.85,15.78,-19.09,38.9,6,3
1h,50,30,dip,6,0.832,1.637,1.26,14.03,16.96,-7.38,9.67,14.23,15.78,-21.18,33.75,6,4
1h,25,20,dip,6,0.245,1.598,1.26,12.27,16.96,-7.1,29.17,6.42,15.78,-22.01,17,6,3
1h,60,150,trend,6,0.611,1.553,1.26,13.93,16.96,-8.84,3.33,11.04,15.78,-12.22,25.41,6,3
1h,75,25,dip,6,0.781,1.551,1.26,12.42,16.96,-7.55,7.17,12.62,15.78,-19.95,26.89,6,3
1h,75,15,dip,6,0.648,1.548,1.26,10.4,16.96,-7.86,8,9.75,15.78,-20.5,25.71,6,3
1h,75,12,dip,6,0.686,1.509,1.26,9.92,16.96,-7.73,8.17,9.7,15.78,-21.19,26.47,6,3
1h,60,125,trend,6,0.212,1.484,1.26,13.97,16.96,-8.61,3.83,7.41,15.78,-17.79,16.89,6,4
1h,3,75,trend,6,-0.216,1.468,1.26,12.99,16.96,-8.45,12.83,2.64,15.78,-17.78,9.22,6,4
1h,75,40,dip,6,0.675,1.46,1.26,12.18,16.96,-7.98,6.67,11.39,15.78,-18.93,25.05,5,4
1h,60,25,dip,6,0.899,1.448,1.26,11.95,16.96,-7.61,8.5,14.78,15.78,-20.01,38.27,5,3
1h,125,5,dip,6,0.402,1.446,1.26,10.25,16.96,-8.08,9.67,7.87,15.78,-18.46,19.08,6,4
1h,60,15,dip,6,0.577,1.432,1.26,9.69,16.96,-7.74,9.67,8.31,15.78,-21.66,22.83,6,3
1h,75,150,trend,6,0.622,1.425,1.26,12.76,16.96,-8.74,3.5,10.86,15.78,-14.09,23.63,6,3
1h,2,100,trend,6,-0.054,1.393,1.26,13.29,16.96,-8.79,13.67,4.35,15.78,-17.9,10.61,6,4
1h,20,125,trend,6,0.203,1.388,1.26,12.91,16.96,-9.16,4.83,6.21,15.78,-15.81,13.42,6,2
1h,2,75,trend,6,-0.139,1.386,1.26,12.82,16.96,-8.04,15.67,3.16,15.78,-17.9,10.39,6,4
1h,5,50,trend,6,0.043,1.385,1.26,12.08,16.96,-8.36,15.67,4,15.78,-16.41,11.77,6,3
1h,15,125,trend,6,0.189,1.384,1.26,11.5,16.96,-9.59,6.17,5.46,15.78,-15.91,11.76,6,3
1h,3,100,trend,6,-0.021,1.368,1.26,13.18,16.96,-8.64,11.5,4.28,15.78,-17.69,9.51,6,3
1h,4,100,trend,6,-0.079,1.366,1.26,12.76,16.96,-8.81,10.67,3.86,15.78,-17.66,10.75,6,4
1h,2,60,trend,6,-0.112,1.365,1.26,12.1,16.96,-7.97,20.33,3.66,15.78,-17.34,4.96,6,5
1h,50,25,dip,6,0.653,1.365,1.26,10.63,16.96,-7.15,9.83,10.42,15.78,-22.46,29.72,5,4
1h,50,150,trend,6,0.587,1.365,1.26,13.02,16.96,-9.29,3.5,9.85,15.78,-13.38,21.96,6,3
1h,5,100,trend,6,-0.075,1.357,1.26,12.62,16.96,-8.9,9.67,4.14,15.78,-16.96,12.83,6,4
1h,125,7,dip,6,0.321,1.351,1.26,9.35,16.96,-8.04,8.67,6.21,15.78,-19.52,14.49,6,3
1h,3,50,trend,6,-0.032,1.346,1.26,11.29,16.96,-8.77,19.5,3.31,15.78,-17.14,7.37,6,3
1h,15,100,trend,6,-0.083,1.343,1.26,12.81,16.96,-9.7,6.67,3.95,15.78,-15.89,8.19,6,5
1h,75,100,trend,6,0.26,1.341,1.26,12.81,16.96,-9.53,5.17,6.51,15.78,-15.93,15.5,6,4
1h,4,50,trend,6,-0.019,1.336,1.26,11.74,16.96,-8.29,17,3.3,15.78,-17.79,6.48,6,5
1h,50,125,trend,6,0.36,1.326,1.26,13,16.96,-9.17,3.83,8.07,15.78,-15.38,17.4,6,3
1h,75,20,dip,6,0.742,1.326,1.26,8.99,16.96,-7.61,7.67,10.32,15.78,-21.24,23.49,6,4
1h,75,9,dip,6,0.685,1.325,1.26,8.69,16.96,-7.98,9,9.67,15.78,-20.21,21.32,6,2
1h,25,100,trend,6,-0.049,1.323,1.26,13.31,16.96,-10.06,5.5,3.7,15.78,-17.49,10.24,6,3
1h,3,60,trend,6,-0.157,1.307,1.26,11.2,16.96,-8.39,18,2.83,15.78,-17.36,8.46,6,4
1h,200,12,dip,6,0.155,1.306,1.26,7.92,16.96,-7.59,4.67,3.82,15.78,-21.09,9.3,6,2
1h,150,9,dip,6,0.371,1.304,1.26,8.53,16.96,-7.81,7.33,7.07,15.78,-19.49,14.17,6,4
1h,4,60,trend,6,-0.155,1.295,1.26,11.05,16.96,-8.53,16.5,2.61,15.78,-16.76,4.7,6,3
1h,100,125,trend,6,0.067,1.291,1.26,12.02,16.96,-9.03,5,4.63,15.78,-21.18,8.49,6,3
1h,75,7,dip,6,0.603,1.282,1.26,8.78,16.96,-8.01,10.17,8.71,15.78,-20.96,11.92,6,3
1h,100,30,dip,6,0.742,1.282,1.26,10.23,16.96,-8.33,4.33,11.43,15.78,-19.43,18.75,5,4
1h,12,100,trend,6,-0.114,1.275,1.26,11.49,16.96,-9.77,7,3.43,15.78,-15.95,8.36,6,3
1h,60,12,dip,6,0.569,1.274,1.26,8.88,16.96,-7.54,10.17,7.85,15.78,-21.59,18.98,6,3
1h,40,150,trend,6,0.505,1.269,1.26,12.57,16.96,-9.47,3.67,8.84,15.78,-13.66,20.78,6,3
1h,2,50,trend,6,-0.079,1.266,1.26,10.23,16.96,-9.33,22.67,2.56,15.78,-18.15,7.16,6,2
1h,7,100,trend,6,-0.009,1.266,1.26,11.76,16.96,-9.48,9,4.89,15.78,-16.74,12.79,6,2
1h,20,75,trend,6,-0.132,1.263,1.26,11.31,16.96,-9.25,8,2.86,15.78,-16.55,7.56,6,4
1h,4,75,trend,6,-0.182,1.262,1.26,11.49,16.96,-9.01,12.17,2.06,15.78,-18.5,5.65,6,3
1h,15,50,trend,6,0.105,1.257,1.26,11.69,16.96,-9.17,11.33,5.08,15.78,-15,10.09,6,4
1h,12,125,trend,6,0.266,1.256,1.26,10.65,16.96,-10.2,6.33,6.09,15.78,-15.39,12.89,6,2
1h,2,40,trend,6,-0.01,1.254,1.26,11.69,16.96,-8.11,27.5,3.89,15.78,-18.24,8.85,6,2
1h,7,50,trend,6,0.143,1.253,1.26,10.88,16.96,-8.9,14.83,5.22,15.78,-15.2,12.18,6,2
1h,9,50,trend,6,0.079,1.25,1.26,11.06,16.96,-9.15,13.33,4.68,15.78,-15.33,11.72,6,3
1h,125,3,dip,6,0.392,1.248,1.26,9.17,16.96,-8.08,12,7.34,15.78,-18.61,17.65,6,4
1h,75,50,dip,6,0.593,1.246,1.26,8.21,16.96,-9.25,7.17,10.19,15.78,-19.66,17.08,5,3
1h,100,12,dip,6,0.693,1.24,1.26,8.26,16.96,-8.13,6.67,9.59,15.78,-19.72,24.85,6,3
1h,100,20,dip,6,0.693,1.24,1.26,7.98,16.96,-8.02,5.5,9.61,15.78,-19.82,21.05,6,4
1h,30,100,trend,6,-0.067,1.235,1.26,9.84,16.96,-10.54,4.83,2.34,15.78,-17.34,8.94,6,2
1h,7,40,trend,6,0.073,1.232,1.26,12.68,16.96,-8.28,17.5,5.75,15.78,-16.16,10.62,5,4
1h,20,100,trend,6,-0.077,1.229,1.26,12.18,16.96,-9.68,5.83,3.49,15.78,-16.08,5.7,6,3
1h,25,125,trend,6,0.237,1.229,1.26,11.31,16.96,-10.32,4.83,5.77,15.78,-16.33,12.76,6,2
1h,150,5,dip,6,0.249,1.229,1.26,8.21,16.96,-8.18,9.33,5.68,15.78,-19.68,9.91,6,3
1h,9,100,trend,6,-0.051,1.227,1.26,11.43,16.96,-9.96,8.17,3.86,15.78,-16.55,7.24,6,2
1h,100,50,dip,6,0.323,1.226,1.26,9.67,16.96,-8.5,4,6.92,15.78,-19.38,14.84,5,3
1h,150,4,dip,6,0.294,1.226,1.26,8.54,16.96,-8.16,9.67,6.38,15.78,-19.65,9.75,6,3
1h,60,20,dip,6,0.696,1.225,1.26,8.33,16.96,-7.4,9,10.18,15.78,-21.34,25.12,5,3
1h,75,5,dip,6,0.738,1.224,1.26,8.63,16.96,-7.57,11,10.67,15.78,-19.74,24.88,6,2
1h,40,50,trend,6,-0.198,1.222,1.26,8.96,16.96,-10.56,12.83,1.35,15.78,-17.41,5.94,6,2
1h,7,60,trend,6,-0.129,1.218,1.26,9.89,16.96,-9.61,12.67,2.27,15.78,-16.69,5.4,6,2
1h,15,150,trend,6,0.496,1.218,1.26,11.39,16.96,-10.19,6,8.15,15.78,-15.17,17.81,6,2
1h,4,40,trend,6,-0.072,1.217,1.26,13.15,16.96,-8.03,22,3.96,15.78,-18.64,9,6,4
1h,60,100,trend,6,0.216,1.215,1.26,12.2,16.96,-10.03,4.83,6.35,15.78,-16.93,23.09,6,2
1h,40,20,dip,6,0.333,1.214,1.26,8.46,16.96,-7.52,13.17,5.26,15.78,-19.32,12.26,5,3
1h,3,40,trend,6,-0.053,1.213,1.26,12.62,16.96,-8.12,24.5,3.78,15.78,-18.73,9.08,6,3
1h,40,100,trend,6,0.265,1.213,1.26,9.79,16.96,-10.17,4.5,5.77,15.78,-14.8,17.2,6,2
1h,125,4,dip,6,0.444,1.213,1.26,8.62,16.96,-8.07,10.33,7.9,15.78,-18.33,16.27,6,3
1h,50,20,dip,6,0.538,1.212,1.26,7.62,16.96,-7.23,10.33,7.55,15.78,-21.38,15.64,5,3
1h,100,150,trend,6,0.498,1.211,1.26,11.18,16.96,-8.93,3.33,9.44,15.78,-16.3,20.61,6,3
1h,40,60,trend,6,-0.027,1.21,1.26,8.6,16.96,-10.49,8.83,2.43,15.78,-18.45,7.31,5,3
1h,5,60,trend,6,-0.112,1.209,1.26,10.43,16.96,-8.8,15.17,2.67,15.78,-16.35,6.76,6,2
1h,150,3,dip,6,0.277,1.209,1.26,8.4,16.96,-8.13,10.83,5.85,15.78,-19.78,9.91,6,3
1h,200,5,dip,6,0.223,1.207,1.26,6.69,16.96,-7.78,8,4.91,15.78,-21.14,11.7,6,3
1h,125,9,dip,6,0.478,1.202,1.26,8.04,16.96,-8.04,7.33,8.05,15.78,-18.41,11.75,5,4
1h,9,125,trend,6,0.227,1.189,1.26,10.4,16.96,-10.27,7.67,5.02,15.78,-16.38,9.91,6,2
1h,30,125,trend,6,0.214,1.188,1.26,11.25,16.96,-10.27,4.67,5.32,15.78,-15.45,11.99,6,2
1h,75,200,trend,6,0.747,1.185,1.26,10.57,16.96,-9.44,3.17,10.43,15.78,-13.24,19.24,6,3
1h,12,60,trend,6,0.025,1.184,1.26,10.72,16.96,-9.63,10.33,4.15,15.78,-15.65,9.46,6,3
1h,40,30,dip,6,0.512,1.184,1.26,9.73,16.96,-8.71,16.17,7.75,15.78,-21.91,17.38,5,3
1h,75,60,dip,6,0.495,1.184,1.26,8.46,16.96,-9.18,9.17,8.39,15.78,-19.5,12.69,6,2
1h,200,15,dip,6,0.122,1.184,1.26,7.41,16.96,-7.73,4.83,3.21,15.78,-21.05,6.5,6,2
1h,60,9,dip,6,0.585,1.17,1.26,8.38,16.96,-8.11,11.67,8.11,15.78,-20.99,19.24,6,2
1h,100,9,dip,6,0.638,1.166,1.26,7.63,16.96,-8.07,7.83,8.98,15.78,-18.99,17.99,6,2
1h,4,125,trend,6,0.19,1.161,1.26,10.07,16.96,-10.74,10.5,4.46,15.78,-17.7,11.78,6,2
1h,5,75,trend,6,-0.205,1.159,1.26,10.14,16.96,-9,11.33,1.31,15.78,-18.49,2.23,6,3
1h,125,12,dip,6,0.441,1.158,1.26,8.09,16.96,-8.01,6,7.18,15.78,-18.96,15.72,5,3
1h,9,40,trend,6,-0.016,1.157,1.26,10.72,16.96,-9.18,16,4.22,15.78,-16,15.09,5,2
1h,7,150,trend,6,0.494,1.149,1.26,10.43,16.96,-9.9,8.33,7.96,15.78,-15.5,17.5,6,2
1h,20,60,trend,6,-0.121,1.146,1.26,9.95,16.96,-10.12,8.83,2.49,15.78,-15.38,5.31,5,3
1h,60,7,dip,6,0.675,1.146,1.26,8.99,16.96,-8.18,12.5,9.58,15.78,-19.93,22.88,6,3
1h,30,150,trend,6,0.28,1.143,1.26,11.38,16.96,-10.02,4.33,6.15,15.78,-14.5,14.2,6,3
1h,125,2,dip,6,0.406,1.143,1.26,8.63,16.96,-8.26,13.33,7.17,15.78,-19.45,13.92,5,2
1h,150,2,dip,6,0.271,1.143,1.26,7.99,16.96,-8.23,12.17,5.34,15.78,-20.64,9.63,6,4
1h,12,150,trend,6,0.515,1.141,1.26,10.68,16.96,-10.31,6.67,8.19,15.78,-16.01,17.33,6,1
1h,12,50,trend,6,0.183,1.138,1.26,9.65,16.96,-9.08,11.5,4.88,15.78,-15.23,12.16,6,3
1h,100,15,dip,6,0.688,1.136,1.26,7.19,16.96,-8.2,6.33,9.18,15.78,-20.03,22.41,6,2
1h,100,40,dip,6,0.487,1.132,1.26,9.28,16.96,-8.33,3.83,8.12,15.78,-20.12,12.72,5,3
1h,9,60,trend,6,0.009,1.13,1.26,10.54,16.96,-9.78,11.67,3.87,15.78,-16.81,5.37,6,2
1h,15,60,trend,6,0.036,1.128,1.26,10,16.96,-10.03,9.83,3.88,15.78,-14.81,8.74,6,2
1h,25,150,trend,6,0.351,1.127,1.26,10.73,16.96,-10.01,4.5,6.68,15.78,-14.06,15.24,6,2
1h,9,75,trend,6,-0.109,1.126,1.26,10.66,16.96,-9.46,9.33,2.84,15.78,-17.32,7.68,6,2
1h,40,125,trend,6,0.335,1.126,1.26,9.27,16.96,-10.51,4.33,6.04,15.78,-15,14.63,6,2
1h,150,7,dip,6,0.257,1.126,1.26,7.44,16.96,-8.11,8,5.15,15.78,-19.92,8.14,5,3
1h,100,25,dip,6,0.702,1.125,1.26,7.2,16.96,-8.27,5.17,9.75,15.78,-19.28,20.32,6,2
1h,2,125,trend,6,0.171,1.124,1.26,9.73,16.96,-11.22,13.5,4.49,15.78,-17.47,9.7,6,2
1h,300,4,dip,6,0.132,1.119,1.26,7.6,16.96,-6.46,6.5,4.43,15.78,-21.6,11.51,4,3
1h,20,12,dip,6,0.341,1.118,1.26,9.02,16.96,-7.4,30.17,7.56,15.78,-19.46,11.85,6,3
1h,200,9,dip,6,0.113,1.116,1.26,6.38,16.96,-7.57,5.33,3.03,15.78,-21.14,11.44,5,1
1h,200,20,dip,6,0.07,1.115,1.26,6.96,16.96,-7.71,3.83,3,15.78,-20.57,6.91,5,2
1h,200,4,dip,6,0.178,1.114,1.26,6.42,16.96,-7.81,8.67,3.95,15.78,-21.19,8.11,5,3
1h,40,75,trend,6,-0.002,1.109,1.26,7.65,16.96,-10.69,7,1.99,15.78,-19.1,8.3,6,2
1h,20,150,trend,6,0.35,1.108,1.26,9.95,16.96,-10.21,5.17,6.2,15.78,-16.16,14.11,6,2
1h,7,75,trend,6,-0.035,1.105,1.26,9.99,16.96,-9.02,10.5,3.54,15.78,-16.88,6,6,3
1h,3,125,trend,6,0.236,1.099,1.26,9.23,16.96,-10.84,12.17,4.75,15.78,-17.08,12.07,6,2
1h,100,7,dip,6,0.579,1.098,1.26,7.18,16.96,-8.16,8.67,7.75,15.78,-19.23,19.59,6,2
1h,200,250,trend,6,0.405,1.096,1.26,8.88,16.96,-7.52,2.5,5.98,15.78,-14.23,17.75,6,2
1h,20,50,trend,6,0.081,1.093,1.26,10.66,16.96,-9.82,10.5,4.76,15.78,-15.18,10.06,5,3
1h,25,30,trend,6,0.058,1.091,1.26,11.55,16.96,-8.79,26,5.43,15.78,-16.41,12,5,3
1h,60,5,dip,6,0.631,1.089,1.26,8.09,16.96,-7.73,14.83,8.65,15.78,-20.84,20.07,6,2
1h,25,9,dip,6,0.464,1.088,1.26,8.36,16.96,-7.86,24.83,8.69,15.78,-19.11,21.77,6,2
1h,50,12,dip,6,0.477,1.085,1.26,7.6,16.96,-8.04,11.5,7.02,15.78,-20.77,14.92,6,2
1h,50,75,trend,6,0.092,1.075,1.26,8.93,16.96,-10.61,7.33,3,15.78,-18.09,7.89,6,2
1h,2,150,trend,6,0.313,1.074,1.26,9.38,16.96,-10.01,12.5,5.87,15.78,-17,12.62,6,2
1h,125,15,dip,6,0.501,1.073,1.26,7.57,16.96,-8.04,5.5,7.75,15.78,-18.67,16.51,5,3
1h,300,20,dip,6,0.091,1.072,1.26,8.03,16.96,-6.05,2.83,4.11,15.78,-21.71,8.13,4,2
1h,100,200,trend,6,0.74,1.07,1.26,8.65,16.96,-10.76,2.5,9.49,15.78,-14.81,21.4,6,2
1h,250,2,dip,6,0.146,1.068,1.26,7.13,16.96,-7.71,10.17,4.78,15.78,-21.61,8.9,3,3
1h,300,2,dip,6,0.134,1.067,1.26,6.59,16.96,-6.82,8.17,3.97,15.78,-21.33,12.39,4,3
1h,15,75,trend,6,-0.032,1.065,1.26,9.65,16.96,-10.11,8.33,3.1,15.78,-16.16,7.91,6,2
1h,300,9,dip,6,0.064,1.065,1.26,6.08,16.96,-6.41,5,2.92,15.78,-21.54,7.47,4,2
1h,300,30,dip,6,0.036,1.065,1.26,6.71,16.96,-6.24,2.33,3.1,15.78,-21.76,5.4,4,2
1h,7,125,trend,6,0.384,1.064,1.26,9.85,16.96,-10.64,9,6.75,15.78,-15.68,13.31,6,2
1h,75,4,dip,6,0.695,1.062,1.26,7.24,16.96,-7.6,11.83,9.57,15.78,-19.96,20.39,6,2
1h,4,150,trend,6,0.341,1.06,1.26,9.14,16.96,-10.21,10,5.48,15.78,-17.29,13.63,6,2
1h,125,25,dip,6,0.51,1.056,1.26,7.13,16.96,-8.2,4.17,8.16,15.78,-18.23,23.17,5,2
1h,3,150,trend,6,0.353,1.053,1.26,9.05,16.96,-10.25,11.17,5.72,15.78,-16.41,14.68,6,2
1h,60,40,dip,6,0.66,1.052,1.26,10.51,16.96,-8.37,9,10.43,15.78,-19.57,32.7,6,2
1h,125,30,dip,6,0.539,1.049,1.26,6.96,16.96,-8.32,4,8.68,15.78,-18.47,19.88,5,3
1h,12,75,trend,6,-0.083,1.048,1.26,9.8,16.96,-10.1,8.5,2.98,15.78,-16.8,7.49,6,1
1h,9,150,trend,6,0.392,1.045,1.26,9.29,16.96,-10.4,7.67,6.35,15.78,-16.33,11.4,6,1
1h,40,15,dip,6,0.242,1.044,1.26,7.45,16.96,-8.07,14,4.21,15.78,-20.68,8.49,6,2
1h,5,150,trend,6,0.42,1.04,1.26,9.42,16.96,-10.27,9.67,6.34,15.78,-16.36,14.28,6,2
1h,5,40,trend,6,0.008,1.035,1.26,11.96,16.96,-8.61,20.17,4.13,15.78,-17.82,8.12,4,2
1h,300,5,dip,6,0.167,1.031,1.26,6.54,16.96,-6.47,6.17,4.61,15.78,-21.32,11.34,4,3
1h,150,12,dip,6,0.273,1.025,1.26,6.58,16.96,-7.89,6.17,5.51,15.78,-20.33,14.76,5,2
1h,150,20,dip,6,0.427,1.024,1.26,6.86,16.96,-8.29,4.67,7.65,15.78,-18.73,17.32,5,1
1h,250,3,dip,6,0.17,1.024,1.26,6.77,16.96,-7.69,9.33,4.87,15.78,-21.38,9.57,3,2
1h,200,3,dip,6,0.16,1.023,1.26,6.09,16.96,-7.87,8.67,3.68,15.78,-21.29,8.33,6,2
1h,300,50,dip,6,0.072,1.022,1.26,7.28,16.96,-6.24,2,4.57,15.78,-21.04,10.11,4,2
1h,125,150,trend,6,0.443,1.02,1.26,9.24,16.96,-9.26,3.67,5.8,15.78,-15.76,14,6,2
1h,50,100,trend,6,0.445,1.017,1.26,9.02,16.96,-10.42,4.67,6.66,15.78,-14.78,13.72,6,1
1h,150,25,dip,6,0.439,1.016,1.26,6.59,16.96,-8.48,4,7.29,15.78,-20.39,14.86,5,1
1h,30,20,dip,6,0.265,1.015,1.26,7.08,16.96,-7.42,20.5,4.08,15.78,-19.68,9.77,4,2
1h,25,7,dip,6,0.521,1.012,1.26,7.43,16.96,-7.77,26.17,8.88,15.78,-20.49,22.47,5,2
1h,150,30,dip,6,0.502,0.999,1.26,6.11,16.96,-8.31,3.67,7.97,15.78,-18.87,16.27,5,2
1h,125,40,dip,6,0.471,0.995,1.26,8.27,16.96,-8.15,3.67,8.17,15.78,-19.15,13.2,5,2
1h,100,5,dip,6,0.622,0.991,1.26,6.42,16.96,-8.12,9.33,8.25,15.78,-18.4,17.9,6,1
1h,30,15,dip,6,0.429,0.99,1.26,6.92,16.96,-7.36,19.5,6.28,15.78,-19.55,19.41,6,3
1h,25,40,trend,6,0.159,0.986,1.26,10.32,16.96,-9.76,15,5.2,15.78,-14.98,7.65,5,3
1h,25,75,trend,6,-0.167,0.986,1.26,7.44,16.96,-9.29,7.5,0.68,15.78,-17.31,0.93,6,1
1h,200,25,dip,6,0.064,0.985,1.26,5.91,16.96,-7.87,3.5,2.83,15.78,-20.61,9.67,4,1
1h,200,7,dip,6,0.172,0.983,1.26,5.9,16.96,-7.64,6.5,3.49,15.78,-21.14,9.43,5,2
1h,300,60,dip,6,0.068,0.98,1.26,7.74,16.96,-6.15,1.67,4.5,15.78,-21,12.27,4,2
1h,5,125,trend,6,0.258,0.979,1.26,8.7,16.96,-10.61,9.83,4.61,15.78,-16.84,9.97,6,2
1h,40,12,dip,6,0.427,0.977,1.26,7.25,16.96,-8.13,15.33,6.29,15.78,-20.27,15.64,5,3
1h,40,25,dip,6,0.474,0.977,1.26,7.01,16.96,-8.59,15.17,6.91,15.78,-21.74,17.05,5,2
1h,20,9,dip,6,0.347,0.975,1.26,8.28,16.96,-7.81,30.33,7.02,15.78,-19.93,13,5,2
1h,12,40,trend,6,0.228,0.973,1.26,8.48,16.96,-9,15.5,5.24,15.78,-14.36,14.39,6,1
1h,15,40,trend,6,0.481,0.973,1.26,8.81,16.96,-9.19,14.17,7.63,15.78,-14.44,14.63,5,2
1h,20,5,dip,6,0.407,0.971,1.26,8.11,16.96,-8.95,32.67,8.7,15.78,-19.84,19.92,5,3
1h,250,12,dip,6,0.103,0.968,1.26,6.03,16.96,-7.3,4.83,2.99,15.78,-21.36,11.32,4,2
1h,25,50,trend,6,-0.039,0.966,1.26,8.28,16.96,-10.96,9.83,2.04,15.78,-15.98,8.12,5,3
1h,300,7,dip,6,0.11,0.961,1.26,5.92,16.96,-6.49,5.5,3.52,15.78,-21.57,13.26,3,2
1h,300,3,dip,6,0.122,0.957,1.26,6.15,16.96,-6.79,7.5,3.7,15.78,-21.36,10.57,4,3
1h,250,15,dip,6,0.168,0.955,1.26,5.53,16.96,-7.42,4.33,4.08,15.78,-20.49,10.85,4,2
1h,300,25,dip,6,0.064,0.954,1.26,6.68,16.96,-6.15,2.83,3.12,15.78,-22.22,4.85,4,2
1h,100,60,dip,6,0.519,0.953,1.26,5.95,16.96,-8.32,4.17,7.61,15.78,-16.37,16.04,6,1
1h,3,30,trend,6,-0.01,0.951,1.26,11.39,16.96,-7.87,27.17,3.64,15.78,-18.87,3.4,5,3
1h,25,5,dip,6,0.528,0.951,1.26,7,16.96,-8.24,28,9.15,15.78,-20.32,18.8,5,2
1h,250,5,dip,6,0.164,0.949,1.26,6.3,16.96,-7.59,7.67,4.46,15.78,-21.29,12.07,3,2
1h,30,9,dip,6,0.549,0.942,1.26,6.51,16.96,-8.35,20.67,8.06,15.78,-18,19.41,6,2
1h,60,4,dip,6,0.62,0.941,1.26,7.29,16.96,-7.91,16.17,8.37,15.78,-20.71,11.72,6,1
1h,300,40,dip,6,0.104,0.94,1.26,6.34,16.96,-6.33,1.83,4.31,15.78,-21.12,10.31,4,2
1h,20,7,dip,6,0.443,0.935,1.26,7.65,16.96,-8.28,30.67,8.43,15.78,-19.74,18.19,5,3
1h,100,4,dip,6,0.623,0.935,1.26,6.02,16.96,-8.12,10.33,8.25,15.78,-18.11,22.49,6,1
1h,60,75,trend,6,0.167,0.934,1.26,8.76,16.96,-10.63,9.67,4.43,15.78,-17.67,12.29,6,2
1h,250,7,dip,6,0.148,0.925,1.26,5.99,16.96,-7.74,6.67,4.08,15.78,-21.13,8.98,4,2
1h,300,15,dip,6,0.025,0.924,1.26,5.67,16.96,-6.25,3.33,2.53,15.78,-20.92,7.28,3,2
1h,60,3,dip,6,0.592,0.92,1.26,7.1,16.96,-8,17.67,7.78,15.78,-20.21,12.38,6,1
1h,250,9,dip,6,0.177,0.917,1.26,6.04,16.96,-7.39,6,4.22,15.78,-21.25,11.49,4,2
1h,25,15,dip,6,0.342,0.912,1.26,5.68,16.96,-8.42,24.33,4.79,15.78,-19.74,14.62,6,2
1h,50,15,dip,6,0.536,0.908,1.26,5.62,16.96,-8.07,11.17,6.69,15.78,-21.37,14.33,4,2
1h,200,2,dip,6,0.128,0.9,1.26,5.22,16.96,-7.82,10,2.99,15.78,-21.45,7.82,6,2
1h,250,4,dip,6,0.169,0.898,1.26,6.03,16.96,-7.62,8.33,4.52,15.78,-21.47,11.32,3,2
1h,30,75,trend,6,-0.087,0.895,1.26,6.08,16.96,-10.1,7,0.89,15.78,-17.99,3.33,5,1
1h,100,3,dip,6,0.571,0.894,1.26,5.56,16.96,-8.22,11.17,7.55,15.78,-18.05,18.11,6,1
1h,20,40,trend,6,0.28,0.889,1.26,8.65,16.96,-9.97,13.33,6.47,15.78,-14.7,19.59,4,2
1h,150,15,dip,6,0.298,0.886,1.26,6.02,16.96,-7.94,5.5,5.39,15.78,-19.77,10.91,4,1
1h,250,25,dip,6,0.025,0.873,1.26,5.35,16.96,-7.42,3.33,2.42,15.78,-21.72,10.4,4,2
1h,150,200,trend,6,0.563,0.869,1.26,6.84,16.96,-10,2.83,6.94,15.78,-15.24,11.33,5,1
1h,50,40,dip,6,0.791,0.865,1.26,8.07,16.96,-8.99,12.67,10.73,15.78,-22.34,23.82,6,1
1h,20,15,dip,6,0.163,0.861,1.26,6.38,16.96,-8.43,31.83,3.96,15.78,-21.84,8.98,6,2
1h,125,20,dip,6,0.508,0.861,1.26,5.58,16.96,-8.22,4.5,7.2,15.78,-18.76,16.07,6,0
1h,25,60,trend,6,-0.336,0.858,1.26,6.61,16.96,-11.45,8.5,-1.48,15.78,-17.7,-1.61,5,1
1h,75,3,dip,6,0.684,0.853,1.26,6.19,16.96,-7.76,12.5,8.6,15.78,-20.48,19.51,5,1
1h,30,12,dip,6,0.641,0.851,1.26,5.37,16.96,-8.31,20,8.09,15.78,-17.12,20.38,4,2
1h,125,200,trend,6,0.802,0.847,1.26,6.32,16.96,-10.18,2.67,8.82,15.78,-14.45,20.7,6,1
1h,300,12,dip,6,0.053,0.84,1.26,4.73,16.96,-6.46,4.17,2.53,15.78,-21.17,4.81,3,2
1h,75,2,dip,6,0.575,0.837,1.26,5.73,16.96,-8.45,15.33,7.35,15.78,-20.63,21.32,5,2
1h,20,30,trend,6,0.34,0.834,1.26,8.84,16.96,-8.85,20.5,6.72,15.78,-15.97,11.09,4,2
1h,250,20,dip,6,0.085,0.832,1.26,4.37,16.96,-7.67,3.67,2.86,15.78,-20.45,7.62,5,2
1h,4,30,trend,6,0.005,0.831,1.26,9.9,16.96,-9.18,25.5,2.61,15.78,-20.23,8.11,5,2
1h,5,30,trend,6,0.113,0.83,1.26,10.4,16.96,-8.73,24.17,4.09,15.78,-19.66,11.07,4,3
1h,30,40,trend,6,0.036,0.829,1.26,8.74,16.96,-11.34,16.17,3.56,15.78,-15.73,7.9,5,2
1h,100,2,dip,6,0.552,0.826,1.26,5.11,16.96,-8.32,13.33,6.94,15.78,-18.34,14.65,5,1
1h,200,30,dip,6,0.026,0.824,1.26,4.86,16.96,-7.75,3.17,2.02,15.78,-22.22,9.36,4,1
1h,12,25,trend,6,0.033,0.819,1.26,9.02,16.96,-9.35,23,3.46,15.78,-17.55,9.53,4,2
1h,2,30,trend,6,0.007,0.818,1.26,10.16,16.96,-8.47,31.5,2.98,15.78,-19.12,7.58,5,2
1h,300,75,dip,6,0.109,0.813,1.26,6.49,16.96,-6.29,1.83,5.36,15.78,-20.22,12.16,4,2
1h,25,4,dip,6,0.339,0.804,1.26,6,16.96,-8.46,29.33,6.71,15.78,-20.94,13.07,5,2
1h,300,100,dip,6,0.042,0.8,1.26,6.92,16.96,-6.01,1.67,5.54,15.78,-20.7,6.27,3,2
1h,3,9,trend,6,-0.572,0.799,1.26,11.83,16.96,-7.41,58,-1.61,15.78,-25.23,-2.61,4,2
1h,60,200,trend,6,0.626,0.797,1.26,8.87,16.96,-9.64,3,9.22,15.78,-12.91,21.56,5,1
1h,5,12,trend,6,-0.66,0.792,1.26,10.35,16.96,-7.27,44,-2.58,15.78,-26.33,-1.28,4,2
1h,25,2,dip,6,0.226,0.789,1.26,5.56,16.96,-8.75,37.5,4.68,15.78,-20.52,7.18,6,2
1h,30,60,trend,6,-0.223,0.789,1.26,4.28,16.96,-11.29,9.17,-1.64,15.78,-18.6,-0.06,5,2
1h,12,30,trend,6,-0.071,0.785,1.26,9.66,16.96,-8.9,20,2.83,15.78,-18.44,4.23,4,2
1h,30,50,trend,6,-0.291,0.784,1.26,4.52,16.96,-11.47,9.5,-1.56,15.78,-17.46,-1.18,5,1
1h,15,30,trend,6,0.173,0.774,1.26,8.17,16.96,-9.46,19.5,4.95,15.78,-17.26,10.88,4,1
1h,50,9,dip,6,0.546,0.772,1.26,5.53,16.96,-8.54,13.33,7.02,15.78,-20.35,14.46,5,3
1h,15,9,dip,6,0.5,0.768,1.26,6.45,16.96,-10.02,37.83,7.72,15.78,-19.9,20.67,6,2
1h,25,12,dip,6,0.508,0.767,1.26,4.97,16.96,-8.26,23.17,6.75,15.78,-18.73,15.22,6,2
1h,4,7,trend,6,-0.439,0.761,1.26,10.42,16.96,-7.92,79.17,-1.09,15.78,-22.36,-1.98,4,3
1h,30,7,dip,6,0.438,0.76,1.26,5.36,16.96,-8.24,21.33,6.63,15.78,-19.42,16.54,5,2
1h,60,2,dip,6,0.53,0.75,1.26,5.73,16.96,-7.87,20,6.35,15.78,-20.57,11.63,6,1
1h,3,25,trend,6,0.246,0.747,1.26,7.56,16.96,-8.8,31.67,3.99,15.78,-17.28,14.21,4,2
1h,20,4,dip,6,0.367,0.739,1.26,6.23,16.96,-9.05,34.17,7.31,15.78,-19.71,14.57,5,2
1h,7,30,trend,6,0.117,0.738,1.26,8.9,16.96,-9.73,21.33,3.92,15.78,-17.91,11.74,4,3
1h,25,3,dip,6,0.238,0.724,1.26,5.67,16.96,-8.81,31.5,4.9,15.78,-20.85,6.9,5,2
1h,250,50,dip,6,0.12,0.721,1.26,4.26,16.96,-7.29,2.33,3.3,15.78,-21.67,9.46,4,2
1h,50,7,dip,6,0.455,0.717,1.26,5.3,16.96,-8.61,15,5.98,15.78,-20.13,12.05,5,3
1h,3,5,trend,6,-0.124,0.716,1.26,6.85,16.96,-9.81,112,0.71,15.78,-19.37,2.23,5,1
1h,12,9,dip,6,0.405,0.713,1.26,6.03,16.96,-10.48,50.5,7.42,15.78,-21.52,17.24,5,2
1h,40,9,dip,6,0.588,0.711,1.26,5.02,16.96,-8.49,15.83,7.05,15.78,-18.91,15.27,4,3
1h,200,125,dip,6,0.099,0.708,1.26,5.66,16.96,-6.52,2.17,5.14,15.78,-19.88,9.8,4,2
1h,250,30,dip,6,0.031,0.702,1.26,4.55,16.96,-7.2,2.83,2.42,15.78,-22.01,9.84,4,2
1h,15,25,trend,6,0.212,0.701,1.26,8.58,16.96,-9.15,24.33,5.59,15.78,-17.78,8.63,5,1
1h,100,75,dip,6,0.482,0.698,1.26,4.1,16.96,-8.23,4.5,7.17,15.78,-16.88,13.25,6,1
1h,3,20,trend,6,0.075,0.697,1.26,7.45,16.96,-8.92,34.83,1.69,15.78,-19.76,10.38,4,1
1h,4,15,trend,6,-0.191,0.677,1.26,8.69,16.96,-8.79,40.33,0.88,15.78,-23.95,-2.41,4,1
1h,3,7,trend,6,-0.294,0.676,1.26,9.29,16.96,-9.18,77.67,-0.15,15.78,-20.56,-1.32,4,2
1h,200,40,dip,6,-0.014,0.666,1.26,4.34,16.96,-7.8,2.67,1.45,15.78,-22.16,10.84,4,1
1h,15,5,dip,6,0.662,0.661,1.26,5.5,16.96,-9.26,39,10.14,15.78,-18.01,24.05,5,1
1h,3,15,trend,6,-0.15,0.652,1.26,8.11,16.96,-9.24,43.67,0.85,15.78,-22.62,1.6,4,2
1h,15,12,dip,6,0.433,0.651,1.26,5.14,16.96,-8.71,42.17,6.46,15.78,-19.24,13.89,5,2
1h,9,30,trend,6,0.011,0.65,1.26,8.05,16.96,-9.52,20.67,2.58,15.78,-18.46,5.94,4,1
1h,150,125,dip,6,0.235,0.646,1.26,4.4,16.96,-7.85,3.33,6.27,15.78,-21.09,13.28,5,1
1h,200,100,dip,6,0.117,0.639,1.26,5.08,16.96,-7.06,2,3.85,15.78,-21.06,9.31,4,2
1h,12,7,dip,6,0.523,0.635,1.26,5.52,16.96,-9.83,44,8.64,15.78,-19.55,20.83,5,1
1h,15,7,dip,6,0.611,0.628,1.26,4.55,16.96,-10.63,37.67,8.98,15.78,-19.39,25.81,5,1
1h,2,9,trend,6,-0.567,0.624,1.26,8.33,16.96,-7.66,64,-3.06,15.78,-24.75,-7.3,4,2
1h,30,25,dip,6,0.432,0.623,1.26,3.82,16.96,-8.19,25.83,4.38,15.78,-18.62,12.33,5,2
1h,150,40,dip,6,0.318,0.618,1.26,3.65,16.96,-8.46,3,5.33,15.78,-20.8,11.72,3,1
1h,2,15,trend,6,-0.19,0.616,1.26,7.96,16.96,-8.83,47.67,0.54,15.78,-21.71,-0.95,4,2
1h,7,5,dip,6,0.386,0.605,1.26,4.34,16.96,-9.73,85.5,5.07,15.78,-18.36,10.04,5,2
1h,4,12,trend,6,-0.485,0.604,1.26,7.84,16.96,-7.94,46.67,-1.79,15.78,-23.81,0.05,4,2
1h,250,75,dip,6,0.07,0.599,1.26,2.96,16.96,-7.12,2,2.81,15.78,-20.62,12.58,3,2
1h,50,60,trend,6,0.228,0.598,1.26,3.12,16.96,-11.25,12,1.61,15.78,-17.31,8.64,5,1
1h,20,2,dip,6,0.303,0.596,1.26,4.58,16.96,-9.11,40.83,5.73,15.78,-19.55,12.72,4,2
1h,50,4,dip,6,0.525,0.595,1.26,4.31,16.96,-8.56,17.33,7.05,15.78,-20.92,13.21,4,2
1h,50,2,dip,6,0.499,0.594,1.26,4.93,16.96,-8.37,22.67,6.75,15.78,-20.46,12.85,5,2
1h,5,9,trend,6,-0.484,0.592,1.26,7.21,16.96,-7.67,57,-2.37,15.78,-23.36,0.47,4,1
1h,4,25,trend,6,0.149,0.59,1.26,6.98,16.96,-8.7,29.5,2.38,15.78,-17.9,9.96,4,1
1h,125,50,dip,6,0.45,0.589,1.26,3.71,16.96,-8.59,3.17,6.3,15.78,-18.89,17.19,4,1
1h,2,20,trend,6,0.044,0.588,1.26,6.82,16.96,-9.79,40.33,1.2,15.78,-20.33,5.34,4,1
1h,12,2,dip,6,0.407,0.588,1.26,4.06,16.96,-9.57,55.5,6.27,15.78,-20.86,21.09,5,1
1h,30,4,dip,6,0.476,0.585,1.26,3.59,16.96,-7.95,25.17,6.92,15.78,-19.2,16.13,5,1
1h,3,12,trend,6,-0.389,0.584,1.26,8.21,16.96,-7.87,48.83,-0.45,15.78,-24.53,-2.41,4,2
1h,50,3,dip,6,0.505,0.583,1.26,4.46,16.96,-8.37,19.67,6.64,15.78,-21.1,11.26,5,2
1h,30,5,dip,6,0.411,0.581,1.26,3.56,16.96,-7.96,24,5.63,15.78,-19.53,14.77,5,2
1h,200,60,dip,6,0.098,0.575,1.26,3.84,16.96,-7.87,2.5,3.15,15.78,-21.36,6.54,4,1
1h,20,3,dip,6,0.32,0.573,1.26,4.6,16.96,-9.39,35.33,6.07,15.78,-19.72,12.37,4,2
1h,4,9,trend,6,-0.536,0.572,1.26,9.08,16.96,-7.49,56.67,-2.51,15.78,-24.68,-7.02,4,3
1h,2,25,trend,6,0.187,0.568,1.26,6.88,16.96,-9.24,37.67,3.19,15.78,-18.22,10.05,4,0
1h,50,5,dip,6,0.505,0.558,1.26,4.1,16.96,-8.56,16,6.65,15.78,-20.01,14.95,5,2
1h,4,20,trend,6,0.057,0.555,1.26,6.18,16.96,-9.75,33.67,1.02,15.78,-18.64,3.35,4,2
1h,9,20,trend,6,0.125,0.553,1.26,5.13,16.96,-10.61,29.83,2.05,15.78,-18.81,7.34,4,1
1h,250,125,dip,6,0.166,0.549,1.26,5.21,16.96,-5.82,1.83,6.29,15.78,-20.1,7.64,4,1
1h,15,20,trend,6,0.306,0.548,1.26,6.07,16.96,-11.1,32.5,4.74,15.78,-18.96,19.58,4,1
1h,250,300,trend,6,0.54,0.547,1.26,4.67,16.96,-8.38,1.67,6.53,15.78,-13,14.07,4,2
1h,250,60,dip,6,0.205,0.546,1.26,3.24,16.96,-7.1,2,3.96,15.78,-21.89,7.32,3,2
1h,150,250,trend,6,0.635,0.533,1.26,6.27,16.96,-10.09,2,7.37,15.78,-14.56,23.16,5,2
1h,30,2,dip,6,0.411,0.51,1.26,3.08,16.96,-8.2,31.5,5.25,15.78,-20.14,14.16,5,1
1h,200,50,dip,6,-0.061,0.509,1.26,3.42,16.96,-7.81,2.5,0.58,15.78,-21.57,2.63,4,1
1h,7,15,trend,6,-0.287,0.507,1.26,6.42,16.96,-8.28,37.5,-1.34,15.78,-24.84,-0.92,4,1
1h,200,75,dip,6,0.055,0.506,1.26,3.4,16.96,-7.98,2.5,2.33,15.78,-21.16,5.4,4,2
1h,40,7,dip,6,0.508,0.487,1.26,2.77,16.96,-9.08,17.33,5.27,15.78,-18.56,12.9,5,2
1h,200,150,dip,6,0.196,0.473,1.26,4.77,16.96,-5.95,2.33,6.21,15.78,-19.84,10.02,4,1
1h,125,100,dip,6,0.703,0.471,1.26,2.77,16.96,-7.66,4.33,9.23,15.78,-13.79,19.5,4,1
1h,125,60,dip,6,0.568,0.467,1.26,2.92,16.96,-8.44,3.17,7.01,15.78,-15.85,19.73,4,0
1h,7,9,trend,6,-0.784,0.454,1.26,6.15,16.96,-8.09,68,-5.4,15.78,-27.86,-4.6,4,2
1h,40,5,dip,6,0.534,0.453,1.26,2.51,16.96,-8.72,20,6.33,15.78,-18.52,13.98,5,2
1h,50,200,trend,6,0.849,0.446,1.26,6.05,16.96,-9.17,2.67,12.1,15.78,-11.33,24.27,4,1
1h,5,25,trend,6,-0.034,0.443,1.26,6.27,16.96,-9.71,28.17,0.35,15.78,-18.97,5.05,4,1
1h,2,7,trend,6,-0.048,0.439,1.26,5.55,16.96,-9.4,83,0.41,15.78,-18.71,-0.92,4,1
1h,7,25,trend,6,-0.02,0.439,1.26,6.14,16.96,-9.87,26,0.84,15.78,-20.25,10.93,4,0
1h,250,40,dip,6,-0.002,0.438,1.26,2.24,16.96,-7.48,2.33,0.73,15.78,-21.67,3.01,3,1
1h,250,100,dip,6,0.068,0.438,1.26,3.39,16.96,-6.25,1.83,3.83,15.78,-21.65,14.25,3,2
1h,300,150,dip,6,0.288,0.436,1.26,5.73,16.96,-5.15,1.83,8.28,15.78,-19.45,16.6,4,1
1h,30,3,dip,6,0.462,0.435,1.26,2.33,16.96,-8.48,27.17,5.53,15.78,-19.71,14.22,5,1
1h,7,20,trend,6,0.034,0.43,1.26,5.21,16.96,-9.97,30.17,0.55,15.78,-20,5.28,4,0
1h,9,25,trend,6,0.08,0.424,1.26,4.95,16.96,-10.53,24.67,1.29,15.78,-19.11,8.26,4,0
1h,150,100,dip,6,0.266,0.42,1.26,2.6,16.96,-8.1,2.83,3.88,15.78,-17.92,8.64,4,0
1h,12,15,trend,6,-0.178,0.419,1.26,5.34,16.96,-9.74,42.17,-0.3,15.78,-18.58,2.07,4,1
1h,150,50,dip,6,0.236,0.414,1.26,2.78,16.96,-8.28,2.83,4.08,15.78,-19.67,6.72,4,0
1h,7,12,trend,6,-0.377,0.413,1.26,4.5,16.96,-7.28,43.83,-2.79,15.78,-25.02,-10.93,4,1
1h,15,3,dip,6,0.385,0.378,1.26,2.24,16.96,-9.5,43.5,5.45,15.78,-19.27,14.22,5,1
1h,15,4,dip,6,0.467,0.376,1.26,2.39,16.96,-9.28,40.17,6.08,15.78,-18.95,23.05,5,1
1h,12,4,dip,6,0.596,0.374,1.26,2.26,16.96,-10.63,46.5,7.46,15.78,-19.08,24.74,4,2
1h,9,5,dip,6,0.454,0.36,1.26,2.82,16.96,-9.31,57,5.27,15.78,-19.72,20.53,4,1
1h,9,4,dip,6,0.544,0.357,1.26,1.38,16.96,-10.16,56.5,6.02,15.78,-19.36,21.73,4,1
1h,5,15,trend,6,-0.361,0.353,1.26,6.06,16.96,-9.68,39.17,-2.35,15.78,-26.87,-6.54,4,1
1h,9,15,trend,6,-0.174,0.352,1.26,4.13,16.96,-9.71,37.67,-0.2,15.78,-20.81,-4.59,4,1
1h,250,150,dip,6,0.19,0.349,1.26,4.28,16.96,-5.45,1.67,6.08,15.78,-19.79,7.9,4,1
1h,15,2,dip,6,0.364,0.347,1.26,1.91,16.96,-9.13,47.5,4.91,15.78,-19.84,14.39,4,1
1h,5,20,trend,6,0.046,0.342,1.26,4.89,16.96,-10.15,32.17,0.07,15.78,-20.13,2.66,4,1
1h,150,75,dip,6,0.248,0.341,1.26,2.2,16.96,-7.66,2.83,3.35,15.78,-20.83,7.99,5,0
1h,300,200,dip,6,0.241,0.338,1.26,6.64,16.96,-6.15,1.5,6.62,15.78,-19.46,15.82,3,2
1h,12,3,dip,6,0.464,0.327,1.26,1.89,16.96,-10.6,48.5,5.92,15.78,-20.53,19.15,4,1
1h,2,5,trend,6,-0.14,0.311,1.26,3.03,16.96,-11.01,112.33,-1.58,15.78,-20.1,-5.91,3,0
1h,150,60,dip,6,0.186,0.289,1.26,1.82,16.96,-8.42,2.67,2.5,15.78,-20.92,6.06,4,0
1h,12,20,trend,6,0.146,0.276,1.26,3.51,16.96,-11.86,30.33,1.82,15.78,-20.03,13.42,4,1
1h,7,2,dip,6,-0.231,0.267,1.26,1.9,16.96,-8.71,83.17,-2.66,15.78,-23.69,-5.55,4,0
1h,9,7,dip,6,0.613,0.266,1.26,2.15,16.96,-10.59,68.5,6.65,15.78,-18.58,22.38,3,1
1h,4,5,trend,6,-0.489,0.25,1.26,3.95,16.96,-11.02,130.17,-3.51,15.78,-24.73,-5.29,4,0
1h,9,2,dip,6,0.469,0.237,1.26,0.91,16.96,-10.44,63.67,4.71,15.78,-20.45,15.97,3,1
1h,300,125,dip,6,0.142,0.216,1.26,5.63,16.96,-5.89,1.67,6.29,15.78,-19.43,7.56,2,1
1h,9,12,trend,6,-0.287,0.205,1.26,3.3,16.96,-8.24,50.33,-2.6,15.78,-23.27,-4.85,4,1
1h,40,4,dip,6,0.566,0.198,1.26,0.79,16.96,-8.78,21.83,6.25,15.78,-18.23,15.02,4,0
1h,2,12,trend,6,-0.367,0.184,1.26,4.94,16.96,-8.45,55.83,-2.37,15.78,-24.81,-2.06,4,1
1h,12,5,dip,6,0.732,0.184,1.26,0.64,16.96,-10.77,43.83,8.33,15.78,-19.81,22.97,3,1
1h,40,3,dip,6,0.529,0.182,1.26,0.81,16.96,-8.97,24.33,5.85,15.78,-18.3,13.02,4,0
1h,40,2,dip,6,0.437,0.175,1.26,1.61,16.96,-9.28,27.33,4.84,15.78,-20.56,11.32,4,0
1h,125,75,dip,6,0.585,0.126,1.26,0.85,16.96,-8.42,3.5,5.57,15.78,-15.25,14.44,3,0
1h,7,3,dip,6,0.106,0.117,1.26,-0.27,16.96,-10.02,77.83,-0.58,15.78,-20.84,3.49,3,1
1h,9,3,dip,6,0.549,0.114,1.26,-0.91,16.96,-11.1,57.67,4.91,15.78,-19.83,19.46,4,1
1h,20,25,trend,6,0.256,0.083,1.26,1.81,16.96,-10.5,29.33,2.91,15.78,-18.76,3.62,4,0
1h,125,300,trend,6,0.662,0.08,1.26,0.94,16.96,-5.22,1.17,6.68,15.78,-14.14,13.07,3,0
1h,4,2,dip,6,-0.631,0.063,1.26,0.81,16.96,-10.18,140,-6.42,15.78,-26.61,-11.65,2,1
1h,100,300,trend,6,0.883,0.057,1.26,0.82,16.96,-5.08,1.17,8.24,15.78,-11.53,18.23,2,0
1h,7,4,dip,6,0.226,0.015,1.26,-1.38,16.96,-10.54,79.33,0.36,15.78,-21.3,10.75,2,1
1h,3,4,trend,6,-0.436,0.007,1.26,1.97,16.96,-12.03,153.67,-4.86,15.78,-22.17,-6.7,4,0
1h,75,300,trend,6,0.745,0.006,1.26,1.12,16.96,-5.86,1.33,8.19,15.78,-11.12,17.24,2,1
1h,5,7,trend,6,-0.682,-0.029,1.26,2.79,16.96,-10.49,85.5,-6.75,15.78,-27.34,-13.76,4,1
1h,25,300,trend,6,0.776,-0.053,1.26,0.91,16.96,-6.41,2.33,10.63,15.78,-11.03,28.03,2,1
1h,5,2,dip,6,-0.502,-0.056,1.26,0.18,16.96,-9.41,112.67,-5.94,15.78,-23.97,-10.25,3,0
1h,50,300,trend,6,0.765,-0.071,1.26,1.21,16.96,-5.82,1.5,8.95,15.78,-11.48,22.07,2,0
1h,40,250,trend,6,0.801,-0.078,1.26,4.26,16.96,-6.11,1.83,12.68,15.78,-12.93,26.72,3,1
1h,250,200,dip,6,0.33,-0.078,1.26,2.38,16.96,-7.2,2.17,6.77,15.78,-19.44,12.86,2,1
1h,60,300,trend,6,0.779,-0.104,1.26,0.71,16.96,-6.28,1.33,8.71,15.78,-11.77,20.3,2,0
1h,30,300,trend,6,0.823,-0.121,1.26,1.11,16.96,-6.38,1.83,10.71,15.78,-10.8,29.45,2,1
1h,40,300,trend,6,0.738,-0.122,1.26,1.37,16.96,-5.67,1.33,9.34,15.78,-11.57,25.07,3,0
1h,3,200,trend,6,0.504,-0.124,1.26,2.42,16.96,-9.36,8.33,7.95,15.78,-13.77,14.7,1,0
1h,30,200,trend,6,0.747,-0.136,1.26,2.44,16.96,-8.3,2.83,10.75,15.78,-12.58,24.66,3,0
1h,300,250,dip,6,0.214,-0.147,1.26,3.69,16.96,-7.13,1.5,6.01,15.78,-20.15,16.04,3,1
1h,100,250,trend,6,0.758,-0.149,1.26,1.81,16.96,-7.09,1.5,9.63,15.78,-13.45,19.09,1,0
1h,7,300,trend,6,0.565,-0.15,1.26,1.52,16.96,-8.22,5,8.91,15.78,-13.04,22.8,3,1
1h,125,250,trend,6,0.625,-0.156,1.26,1.75,16.96,-7.14,1.5,7.08,15.78,-14.2,22.63,3,0
1h,60,250,trend,6,0.637,-0.158,1.26,3.78,16.96,-6.5,1.67,9.82,15.78,-13.58,24.97,1,1
1h,15,300,trend,6,0.748,-0.171,1.26,1.95,16.96,-6.2,2.83,10.71,15.78,-11.65,33.17,1,1
1h,9,300,trend,6,0.631,-0.187,1.26,1.34,16.96,-7.96,4.5,9.71,15.78,-12.65,31.43,1,1
1h,2,200,trend,6,0.526,-0.19,1.26,2.27,16.96,-9.27,9.67,8.4,15.78,-13.9,19.16,2,0
1h,12,300,trend,6,0.661,-0.19,1.26,2.23,16.96,-7.07,3.67,10.37,15.78,-12.7,33.35,1,1
1h,20,300,trend,6,0.709,-0.191,1.26,-0.06,16.96,-6.27,2.33,9.49,15.78,-11.09,29,2,1
1h,150,300,trend,6,0.473,-0.216,1.26,-0.13,16.96,-5.78,1.33,4.58,15.78,-15.05,8.72,3,0
1h,25,200,trend,6,0.717,-0.22,1.26,1.76,16.96,-8.38,3.17,9.93,15.78,-13.22,22.52,2,0
1h,4,200,trend,6,0.514,-0.237,1.26,2.26,16.96,-9.67,8.33,7.89,15.78,-14.18,17.2,2,1
1h,5,300,trend,6,0.489,-0.246,1.26,0.64,16.96,-8.77,5.67,7.71,15.78,-13.85,16.95,2,0
1h,3,300,trend,6,0.536,-0.247,1.26,0.64,16.96,-8.76,7,8.17,15.78,-13.28,21.25,2,1
1h,7,200,trend,6,0.543,-0.255,1.26,2.44,16.96,-9.19,6.17,8.77,15.78,-13.63,19.12,3,0
1h,200,300,trend,6,0.485,-0.264,1.26,-1.98,16.96,-7.37,1.17,5.26,15.78,-13.72,10.89,1,0
1h,4,300,trend,6,0.529,-0.291,1.26,-0.11,16.96,-9.44,6,7.85,15.78,-13.59,18.09,3,0
1h,40,200,trend,6,0.789,-0.294,1.26,1.89,16.96,-8.2,2.5,11.39,15.78,-12.62,26.3,3,0
1h,5,200,trend,6,0.463,-0.298,1.26,2.24,16.96,-9.72,7.67,7.07,15.78,-14.38,13.3,1,1
1h,2,300,trend,6,0.493,-0.299,1.26,-0.02,16.96,-8.88,7.67,7.49,15.78,-13.77,21.08,2,0
1h,75,250,trend,6,0.839,-0.305,1.26,3.54,16.96,-6.6,1.67,11.15,15.78,-12.68,25.96,1,1
1h,3,2,dip,6,-1.122,-0.316,1.26,-1.83,16.96,-11.09,194.5,-12.45,15.78,-31.91,-19.4,2,0
1h,9,200,trend,6,0.599,-0.338,1.26,2.08,16.96,-9.43,5,9.11,15.78,-13.71,20.78,3,0
1h,50,250,trend,6,0.678,-0.349,1.26,2.1,16.96,-6.8,1.83,9.91,15.78,-14.83,25.55,1,1
1h,3,250,trend,6,0.476,-0.353,1.26,0.11,16.96,-9.23,8.83,6.76,15.78,-14.59,16.39,2,1
1h,30,250,trend,6,0.759,-0.354,1.26,2.15,16.96,-5.99,2.33,10.93,15.78,-13.76,22.1,2,1
1h,12,250,trend,6,0.611,-0.371,1.26,0.83,16.96,-7.95,4.33,9.7,15.78,-13.62,19.07,1,1
1h,2,250,trend,6,0.49,-0.375,1.26,-0.1,16.96,-9.28,9.67,6.83,15.78,-14.22,15.51,2,1
1h,7,250,trend,6,0.548,-0.386,1.26,0.25,16.96,-8.59,6.17,8.12,15.78,-14.03,18.3,1,0
1h,5,250,trend,6,0.505,-0.398,1.26,0.05,16.96,-8.55,7.17,7.6,15.78,-13.96,20.13,1,1
1h,9,250,trend,6,0.514,-0.401,1.26,0.54,16.96,-8.15,5.5,8.23,15.78,-13.79,19.61,1,1
1h,20,250,trend,6,0.638,-0.405,1.26,1.71,16.96,-7,3.17,9.84,15.78,-13.78,25.13,1,1
1h,25,250,trend,6,0.751,-0.405,1.26,1.26,16.96,-6.62,2.83,10.65,15.78,-13.16,24.17,1,1
1h,4,250,trend,6,0.482,-0.407,1.26,0.13,16.96,-8.68,7.83,7.31,15.78,-14.34,16.77,1,1
1h,5,4,dip,6,-0.417,-0.411,1.26,-3.61,16.96,-12.36,129.5,-6.89,15.78,-25.86,-8.39,1,0
1h,15,250,trend,6,0.541,-0.433,1.26,1.1,16.96,-7.25,3.83,8.61,15.78,-14.06,22.69,1,0
1h,2,4,trend,6,-0.381,-0.446,1.26,-1.67,16.96,-13.66,140.17,-5.9,15.78,-23.15,-5.73,2,0
1h,20,200,trend,6,0.686,-0.462,1.26,0.26,16.96,-9.07,3.5,9.5,15.78,-13.51,18.94,3,0
1h,15,200,trend,6,0.615,-0.472,1.26,0.72,16.96,-8.94,4.5,9.25,15.78,-13.51,17.31,3,0
1h,12,200,trend,6,0.568,-0.488,1.26,0.56,16.96,-9.12,4.33,8.57,15.78,-13.43,21.1,3,0
1h,5,3,dip,6,-0.534,-0.526,1.26,-3.81,16.96,-11.43,111.5,-8.01,15.78,-24.67,-14.07,1,0
1h,4,3,dip,6,-0.789,-0.564,1.26,-4.57,16.96,-12.16,153.67,-10.37,15.78,-27.29,-18.85,1,0
1h,2,3,trend,6,-0.596,-0.905,1.26,-6.35,16.96,-14.14,194.83,-9.62,15.78,-28.85,-17.31,1,0
