strategy,lookback,period,costs,time_in_market_pct,from,to,total_return_pct,cagr_pct,vol_pct,sharpe,max_dd_pct
10d MAX+MIN,10,paper,none,34.0,2015-11-26,2022-02-03,8133.1,103.8,49.1,1.7,-44.3
Buy and hold,,paper,none,100.0,2015-11-26,2022-02-03,10936.3,113.7,76.8,1.38,-83.8
10d MAX+MIN,10,after,none,33.7,2022-02-04,2026-10-02,90.2,14.8,32.0,0.59,-39.1
Buy and hold,,after,none,100.0,2022-02-04,2026-10-02,126.4,19.2,50.8,0.6,-66.8
10d MAX+MIN,10,paper,taker 0.05%/side,34.0,2015-11-26,2022-02-03,5537.1,91.8,49.0,1.57,-46.2
10d MAX+MIN,10,after,taker 0.05%/side,33.7,2022-02-04,2026-10-02,38.8,7.3,32.0,0.38,-41.4
10d MAX only,10,paper,none,21.6,2015-11-26,2022-02-03,2474.3,69.0,35.9,1.64,-30.3
10d MAX only,10,after,none,18.5,2022-02-04,2026-10-02,75.4,12.8,20.8,0.68,-22.0
10d MAX only,10,paper,taker 0.05%/side,21.6,2015-11-26,2022-02-03,1967.5,63.1,35.9,1.54,-32.7
10d MAX only,10,after,taker 0.05%/side,18.5,2022-02-04,2026-10-02,48.2,8.8,20.8,0.51,-23.0
10d MIN only,10,paper,none,12.4,2015-11-26,2022-02-03,219.8,20.7,33.5,0.73,-33.0
10d MIN only,10,after,none,15.2,2022-02-04,2026-10-02,8.4,1.7,24.3,0.2,-30.9
10d MIN only,10,paper,taker 0.05%/side,12.4,2015-11-26,2022-02-03,171.0,17.5,33.5,0.65,-33.6
10d MIN only,10,after,taker 0.05%/side,15.2,2022-02-04,2026-10-02,-6.4,-1.4,24.3,0.07,-31.6
20d MAX+MIN,20,paper,none,24.4,2015-11-26,2022-02-03,3221.3,76.1,43.8,1.51,-34.7
20d MAX+MIN,20,after,none,23.7,2022-02-04,2026-10-02,64.7,11.3,29.4,0.51,-33.9
20d MAX+MIN,20,paper,taker 0.05%/side,24.4,2015-11-26,2022-02-03,2456.9,68.8,43.8,1.41,-35.7
20d MAX+MIN,20,after,taker 0.05%/side,23.7,2022-02-04,2026-10-02,32.3,6.2,29.4,0.35,-35.4
20d MAX only,20,paper,none,17.1,2015-11-26,2022-02-03,1604.1,58.1,33.2,1.54,-23.4
20d MAX only,20,after,none,14.2,2022-02-04,2026-10-02,72.4,12.4,19.6,0.69,-18.0
20d MAX only,20,paper,taker 0.05%/side,17.1,2015-11-26,2022-02-03,1340.1,53.8,33.1,1.46,-24.8
20d MAX only,20,after,taker 0.05%/side,14.2,2022-02-04,2026-10-02,52.3,9.4,19.6,0.56,-18.6
20d MIN only,20,paper,none,7.3,2015-11-26,2022-02-03,94.9,11.4,28.7,0.52,-22.0
20d MIN only,20,after,none,9.6,2022-02-04,2026-10-02,-4.5,-1.0,22.0,0.07,-28.9
20d MIN only,20,paper,taker 0.05%/side,7.3,2015-11-26,2022-02-03,77.2,9.7,28.7,0.47,-22.0
20d MIN only,20,after,taker 0.05%/side,9.6,2022-02-04,2026-10-02,-13.1,-3.0,22.0,-0.02,-29.7
30d MAX+MIN,30,paper,none,19.9,2015-11-26,2022-02-03,3399.2,77.5,41.4,1.59,-35.1
30d MAX+MIN,30,after,none,18.1,2022-02-04,2026-10-02,66.5,11.6,27.1,0.54,-31.9
30d MAX+MIN,30,paper,taker 0.05%/side,19.9,2015-11-26,2022-02-03,2737.4,71.6,41.4,1.51,-36.4
30d MAX+MIN,30,after,taker 0.05%/side,18.1,2022-02-04,2026-10-02,40.5,7.6,27.1,0.41,-33.1
30d MAX only,30,paper,none,14.4,2015-11-26,2022-02-03,1532.6,57.0,32.3,1.55,-23.7
30d MAX only,30,after,none,11.0,2022-02-04,2026-10-02,79.4,13.4,17.6,0.8,-13.7
30d MAX only,30,paper,taker 0.05%/side,14.4,2015-11-26,2022-02-03,1323.1,53.5,32.3,1.49,-25.0
30d MAX only,30,after,taker 0.05%/side,11.0,2022-02-04,2026-10-02,62.5,11.0,17.5,0.68,-15.7
30d MIN only,30,paper,none,5.5,2015-11-26,2022-02-03,114.3,13.1,25.9,0.6,-21.6
30d MIN only,30,after,none,7.1,2022-02-04,2026-10-02,-7.2,-1.6,20.6,0.03,-31.6
30d MIN only,30,paper,taker 0.05%/side,5.5,2015-11-26,2022-02-03,99.2,11.8,25.9,0.56,-21.7
30d MIN only,30,after,taker 0.05%/side,7.1,2022-02-04,2026-10-02,-13.5,-3.1,20.6,-0.05,-32.3
40d MAX+MIN,40,paper,none,17.7,2015-11-26,2022-02-03,3410.0,77.6,39.3,1.66,-36.4
40d MAX+MIN,40,after,none,16.1,2022-02-04,2026-10-02,45.2,8.3,26.7,0.43,-35.7
40d MAX+MIN,40,paper,taker 0.05%/side,17.7,2015-11-26,2022-02-03,2810.0,72.3,39.2,1.58,-37.7
40d MAX+MIN,40,after,taker 0.05%/side,16.1,2022-02-04,2026-10-02,24.7,4.9,26.7,0.31,-36.7
40d MAX only,40,paper,none,12.9,2015-11-26,2022-02-03,1383.8,54.6,31.4,1.54,-27.6
40d MAX only,40,after,none,10.0,2022-02-04,2026-10-02,67.0,11.6,17.0,0.73,-13.7
40d MAX only,40,paper,taker 0.05%/side,12.9,2015-11-26,2022-02-03,1210.3,51.5,31.4,1.48,-29.2
40d MAX only,40,after,taker 0.05%/side,10.0,2022-02-04,2026-10-02,52.4,9.5,17.0,0.61,-15.7
40d MIN only,40,paper,none,4.7,2015-11-26,2022-02-03,136.6,14.9,23.7,0.71,-21.6
40d MIN only,40,after,none,6.1,2022-02-04,2026-10-02,-13.1,-3.0,20.5,-0.04,-33.3
40d MIN only,40,paper,taker 0.05%/side,4.7,2015-11-26,2022-02-03,122.1,13.8,23.7,0.66,-21.7
40d MIN only,40,after,taker 0.05%/side,6.1,2022-02-04,2026-10-02,-18.1,-4.2,20.5,-0.1,-33.8
50d MAX+MIN,50,paper,none,15.2,2015-11-26,2022-02-03,2083.6,64.5,37.2,1.52,-38.6
50d MAX+MIN,50,after,none,14.3,2022-02-04,2026-10-02,44.5,8.2,25.0,0.44,-35.7
50d MAX+MIN,50,paper,taker 0.05%/side,15.2,2015-11-26,2022-02-03,1754.3,60.2,37.2,1.45,-39.7
50d MAX+MIN,50,after,taker 0.05%/side,14.3,2022-02-04,2026-10-02,26.7,5.2,25.0,0.33,-37.7
50d MAX only,50,paper,none,11.5,2015-11-26,2022-02-03,809.1,42.8,30.1,1.33,-32.3
50d MAX only,50,after,none,9.3,2022-02-04,2026-10-02,69.1,11.9,16.5,0.76,-17.1
50d MAX only,50,paper,taker 0.05%/side,11.5,2015-11-26,2022-02-03,710.8,40.2,30.1,1.27,-33.8
50d MAX only,50,after,taker 0.05%/side,9.3,2022-02-04,2026-10-02,55.7,10.0,16.5,0.66,-18.9
50d MIN only,50,paper,none,3.7,2015-11-26,2022-02-03,140.2,15.2,21.8,0.76,-21.6
50d MIN only,50,after,none,5.1,2022-02-04,2026-10-02,-14.5,-3.3,18.8,-0.08,-33.5
50d MIN only,50,paper,taker 0.05%/side,3.7,2015-11-26,2022-02-03,128.7,14.3,21.8,0.72,-21.7
50d MIN only,50,after,taker 0.05%/side,5.1,2022-02-04,2026-10-02,-18.6,-4.3,18.8,-0.14,-33.9
