hour_utc,paper_mean_bps,paper_t_stat,paper_n,after_mean_bps,after_t_stat,after_n,paper_rank,after_rank
00:00-01:00,1.8,0.91,2260,0.45,0.34,1703,11,15
01:00-02:00,1.74,0.99,2260,-1.56,-1.1,1703,12,21
02:00-03:00,-0.92,-0.49,2260,-0.04,-0.03,1702,21,18
03:00-04:00,-3.38,-2.19,2257,0.63,0.59,1702,24,10
04:00-05:00,-1.02,-0.59,2257,0.54,0.59,1702,22,13
05:00-06:00,-0.19,-0.12,2258,0.63,0.65,1702,18,11
06:00-07:00,1.99,1.31,2259,-0.42,-0.37,1702,9,19
07:00-08:00,3.47,2.15,2258,0.14,0.13,1702,4,16
08:00-09:00,0.11,0.06,2259,1.77,1.56,1703,15,3
09:00-10:00,-0.07,-0.04,2260,0.71,0.74,1703,17,9
10:00-11:00,-0.6,-0.32,2260,0.99,1.02,1703,20,7
11:00-12:00,3.02,1.76,2260,0.95,0.98,1703,5,8
12:00-13:00,2.66,1.33,2261,0.51,0.39,1703,6,14
13:00-14:00,2.17,1.05,2260,-2.77,-1.75,1703,7,24
14:00-15:00,-1.95,-0.95,2260,1.32,0.69,1703,23,5
15:00-16:00,3.94,2.04,2260,1.12,0.64,1703,3,6
16:00-17:00,2.01,0.96,2260,-1.6,-1.14,1702,8,22
17:00-18:00,0.0,0.0,2261,0.56,0.37,1702,16,12
18:00-19:00,-0.23,-0.14,2261,0.08,0.05,1701,19,17
19:00-20:00,1.97,1.13,2262,-1.24,-0.85,1701,10,20
20:00-21:00,0.67,0.35,2258,2.48,1.82,1701,14,2
21:00-22:00,5.91,3.07,2258,1.75,1.36,1701,2,4
22:00-23:00,5.98,3.21,2260,3.5,2.72,1703,1,1
23:00-00:00,0.94,0.48,2259,-2.23,-1.97,1702,13,23
