symbol,interval,bars,is_from,is_to,oos_from,oos_to,bh_is_return,bh_is_sharpe,bh_is_maxdd,bh_oos_return,bh_oos_sharpe,bh_oos_maxdd,is_vs_oos_sharpe_rank_corr,best_is_pair,best_is_pair_is_sharpe,best_is_pair_oos_sharpe
SPY,1d,8476,1993-01-29,2016-08-18,2016-08-19,2026-10-01,672.26,0.556,-55.19,311.77,0.873,-33.72,0.445,60/125,0.827,0.531
SPY,1h,3483,2024-10-02,2026-02-27,2026-02-27,2026-10-01,20.56,0.886,-19.44,12.5,1.547,-8.52,-0.544,50/4,1.397,1.074
QQQ,1d,6934,1999-03-10,2018-06-20,2018-06-21,2026-10-01,288.47,0.391,-82.97,343.14,0.872,-35.12,0.791,30/250,0.738,0.927
QQQ,1h,3484,2024-10-02,2026-02-27,2026-02-27,2026-10-01,25.53,0.881,-23.16,22.19,1.77,-11.38,-0.587,100/300,1.314,0.699
IWM,1d,6626,2000-05-26,2018-10-31,2018-11-01,2026-10-01,311.91,0.446,-58.65,99.87,0.478,-41.08,0.217,25/300,0.628,0.471
IWM,1h,3483,2024-10-02,2026-02-27,2026-02-27,2026-10-01,19.66,0.677,-29.13,8.16,0.764,-9.48,0.377,250/300,1.387,0
DIA,1d,7220,1998-01-20,2018-02-16,2018-02-20,2026-10-01,399.1,0.526,-51.87,139.25,0.641,-36.7,0.4,250/300,0.672,0
DIA,1h,3483,2024-10-02,2026-02-27,2026-02-27,2026-10-01,16.07,0.758,-17.48,4.95,0.653,-8.15,0.183,250/300,1.249,0
AAPL,1d,11543,1980-12-12,2012-12-21,2012-12-24,2026-10-01,16666.18,0.576,-81.8,2008.33,0.926,-38.52,0.814,4/25,0.782,1.021
AAPL,1h,3484,2024-10-02,2026-02-27,2026-02-27,2026-10-01,17.83,0.562,-33.33,23.82,1.39,-12.89,0.251,75/40,0.97,1.311
MSFT,1d,10217,1986-03-13,2014-07-23,2014-07-24,2026-10-01,63475.56,0.82,-69.39,1283.25,0.927,-37.15,0.724,30/125,0.775,0.881
MSFT,1h,3484,2024-10-02,2026-02-27,2026-02-27,2026-10-01,-6.28,-0.041,-29.76,30.15,1.434,-24.19,-0.122,200/300,1.12,1.393
