interval,fast,slow,style,symbols,avg_is_sharpe,avg_oos_sharpe,avg_bh_oos_sharpe,avg_oos_return,avg_bh_oos_return,avg_oos_maxdd,avg_oos_trades,symbols_oos_profitable,symbols_oos_beat_bh_sharpe
1d,3,125,trend,6,0.528,0.797,0.786,384.03,697.6,-23.32,25.67,6,2
1d,4,30,trend,6,0.413,0.794,0.786,279.11,697.6,-23.72,58.5,6,5
1d,3,150,trend,6,0.5,0.79,0.786,377.11,697.6,-25.29,23.5,6,3
1d,5,150,trend,6,0.515,0.785,0.786,341.65,697.6,-25.81,18,6,2
1d,2,125,trend,6,0.535,0.784,0.786,346.65,697.6,-23.43,33,6,3
1d,5,125,trend,6,0.523,0.777,0.786,331.94,697.6,-23.96,20.17,6,2
1d,4,150,trend,6,0.519,0.776,0.786,325.79,697.6,-26.2,20.67,6,2
1d,2,30,trend,6,0.397,0.775,0.786,308.22,697.6,-25.07,85.67,6,4
1d,4,25,trend,6,0.443,0.773,0.786,284.01,697.6,-26.87,68.33,6,3
1d,3,30,trend,6,0.408,0.772,0.786,270.8,697.6,-24.35,70.17,6,3
1d,3,25,trend,6,0.386,0.771,0.786,322.12,697.6,-26.79,79,6,4
1d,2,150,trend,6,0.496,0.77,0.786,367.71,697.6,-25.91,29.67,6,2
1d,7,125,trend,6,0.549,0.769,0.786,310.36,697.6,-25.34,17,6,3
1d,4,125,trend,6,0.532,0.768,0.786,317.46,697.6,-24.57,23.33,6,2
1d,7,150,trend,6,0.521,0.763,0.786,343.55,697.6,-26.55,14.5,6,3
1d,9,60,trend,6,0.569,0.759,0.786,278.04,697.6,-23.8,27.67,6,3
1d,5,25,trend,6,0.431,0.758,0.786,274.97,697.6,-27.06,59.67,6,3
1d,5,30,trend,6,0.438,0.758,0.786,243.17,697.6,-22.73,52.17,6,2
1d,3,200,trend,6,0.561,0.752,0.786,304.85,697.6,-26.4,18.17,6,3
1d,7,60,trend,6,0.562,0.751,0.786,246.65,697.6,-22.84,31.17,6,3
1d,7,30,trend,6,0.448,0.746,0.786,221.37,697.6,-23.65,45.33,6,2
1d,12,20,trend,6,0.467,0.746,0.786,225.94,697.6,-26.05,43.5,6,2
1d,12,150,trend,6,0.537,0.746,0.786,336.94,697.6,-27.72,11.33,6,2
1d,7,25,trend,6,0.459,0.744,0.786,238.76,697.6,-25.47,48.5,6,2
1d,3,100,trend,6,0.529,0.743,0.786,285.32,697.6,-23.2,35.33,6,2
1d,7,15,trend,6,0.358,0.741,0.786,297.41,697.6,-30.14,68,6,2
1d,9,25,trend,6,0.455,0.741,0.786,212.03,697.6,-25.22,44.83,6,2
1d,2,40,trend,6,0.448,0.74,0.786,278.62,697.6,-23.94,72,6,3
1d,9,125,trend,6,0.55,0.739,0.786,301.04,697.6,-25.67,16.67,6,2
1d,12,50,trend,6,0.542,0.739,0.786,272.02,697.6,-24.55,27,6,1
1d,5,40,trend,6,0.467,0.738,0.786,227.93,697.6,-22.23,44.67,6,2
1d,4,40,trend,6,0.46,0.737,0.786,242.12,697.6,-22.49,51.17,6,2
1d,5,20,trend,6,0.402,0.737,0.786,255.69,697.6,-28.24,70.33,6,3
1d,7,300,trend,6,0.58,0.737,0.786,295.49,697.6,-27.83,8.5,6,1
1d,9,250,trend,6,0.598,0.737,0.786,321.7,697.6,-26.68,8.33,6,2
1d,2,200,trend,6,0.551,0.736,0.786,293.23,697.6,-27.85,22.83,6,2
1d,7,20,trend,6,0.427,0.736,0.786,250.9,697.6,-28.11,57,6,2
1d,9,20,trend,6,0.473,0.736,0.786,258.89,697.6,-26.12,49.67,6,3
1d,4,300,trend,6,0.566,0.733,0.786,293.92,697.6,-28.52,12.33,6,2
1d,4,20,trend,6,0.368,0.732,0.786,318.29,697.6,-27.47,78.67,6,3
1d,9,15,trend,6,0.424,0.732,0.786,255.43,697.6,-29.3,58.67,6,2
1d,30,150,trend,6,0.535,0.732,0.786,360.16,697.6,-27.88,7.5,6,2
1d,12,100,trend,6,0.53,0.731,0.786,263.86,697.6,-24.94,17,6,2
1d,30,300,trend,6,0.6,0.728,0.786,290.03,697.6,-29.58,4.67,6,3
1d,3,20,trend,6,0.331,0.727,0.786,332.61,697.6,-27.76,92.5,6,3
1d,5,250,trend,6,0.584,0.726,0.786,287.52,697.6,-27.11,11.33,6,2
1d,7,100,trend,6,0.541,0.726,0.786,285.06,697.6,-25.93,21.5,6,2
1d,9,150,trend,6,0.538,0.725,0.786,293.54,697.6,-27.62,13.83,6,2
1d,4,100,trend,6,0.538,0.724,0.786,276.56,697.6,-25.22,29.83,6,1
1d,4,250,trend,6,0.587,0.723,0.786,298.93,697.6,-27.48,12.5,6,3
1d,125,150,trend,6,0.572,0.722,0.786,314.29,697.6,-30.8,4,6,2
1d,5,300,trend,6,0.578,0.721,0.786,288.33,697.6,-28.17,10.83,6,2
1d,2,25,trend,6,0.344,0.72,0.786,316.07,697.6,-28.25,97.5,6,2
1d,7,40,trend,6,0.486,0.72,0.786,208.91,697.6,-22.34,38.83,6,2
1d,50,125,trend,6,0.595,0.72,0.786,450.06,697.6,-30.08,5.83,6,3
1d,4,200,trend,6,0.551,0.719,0.786,299.22,697.6,-26.78,16,6,1
1d,9,12,trend,6,0.357,0.719,0.786,268.24,697.6,-29.18,67.17,6,3
1d,7,250,trend,6,0.598,0.718,0.786,300.87,697.6,-27.78,10.17,6,3
1d,25,250,trend,6,0.622,0.718,0.786,305.88,697.6,-27.58,5.67,6,4
1d,3,300,trend,6,0.553,0.716,0.786,278.98,697.6,-28.51,14.5,6,2
1d,12,15,trend,6,0.491,0.716,0.786,266.74,697.6,-29.28,51,6,1
1d,30,100,trend,6,0.528,0.716,0.786,301.86,697.6,-28.08,9.5,6,2
1d,60,100,trend,6,0.555,0.715,0.786,422.31,697.6,-30.35,5.83,6,2
1d,3,40,trend,6,0.454,0.714,0.786,231.67,697.6,-23.46,58.67,6,2
1d,9,30,trend,6,0.489,0.714,0.786,189.14,697.6,-23.76,40.5,6,2
1d,9,100,trend,6,0.524,0.714,0.786,257.99,697.6,-27.09,19.83,6,2
1d,30,60,trend,6,0.547,0.714,0.786,230.48,697.6,-26.55,15,6,2
1d,2,300,trend,6,0.554,0.713,0.786,270.93,697.6,-29.21,17.17,6,2
1d,12,60,trend,6,0.555,0.712,0.786,250.65,697.6,-25,25,6,1
1d,15,300,trend,6,0.609,0.712,0.786,287.23,697.6,-28.44,6.33,6,2
1d,9,40,trend,6,0.508,0.711,0.786,212.75,697.6,-21.98,34.83,6,1
1d,20,200,trend,6,0.597,0.711,0.786,301.61,697.6,-27.98,7.17,6,1
1d,30,125,trend,6,0.572,0.711,0.786,337.72,697.6,-27.28,9,6,1
1d,15,150,trend,6,0.537,0.71,0.786,307.44,697.6,-30.38,10.67,6,1
1d,9,50,trend,6,0.573,0.709,0.786,222.71,697.6,-22.61,32.17,6,2
1d,30,50,trend,6,0.554,0.709,0.786,229.1,697.6,-26.14,17.67,6,1
1d,12,250,trend,6,0.587,0.708,0.786,293.98,697.6,-28.05,7,6,2
1d,40,125,trend,6,0.57,0.708,0.786,406.69,697.6,-29.98,6.5,6,1
1d,40,300,trend,6,0.6,0.708,0.786,274.12,697.6,-28.74,3.83,6,1
1d,12,25,trend,6,0.5,0.707,0.786,192.19,697.6,-24.34,38.33,6,1
1d,30,250,trend,6,0.626,0.707,0.786,297.6,697.6,-28.7,4.67,6,3
1d,12,40,trend,6,0.55,0.706,0.786,220.31,697.6,-23.29,29.67,6,1
1d,15,75,trend,6,0.499,0.706,0.786,230.92,697.6,-25.16,19.17,6,2
1d,3,250,trend,6,0.568,0.705,0.786,261.81,697.6,-28.21,14.5,6,2
1d,5,50,trend,6,0.516,0.705,0.786,212.41,697.6,-21.71,41.67,6,2
1d,15,40,trend,6,0.539,0.705,0.786,254.4,697.6,-25.96,27.67,6,1
1d,15,250,trend,6,0.598,0.705,0.786,292.94,697.6,-28.16,6.67,6,2
1d,25,60,trend,6,0.541,0.705,0.786,230.92,697.6,-26.14,17.33,6,2
1d,75,300,trend,6,0.578,0.705,0.786,277.08,697.6,-28.96,2.83,6,2
1d,5,15,trend,6,0.344,0.704,0.786,258.78,697.6,-28.5,80.5,6,3
1d,2,250,trend,6,0.547,0.703,0.786,264.32,697.6,-28.54,18.5,6,2
1d,5,100,trend,6,0.542,0.703,0.786,267.6,697.6,-26.05,26,6,1
1d,15,50,trend,6,0.551,0.703,0.786,255.81,697.6,-26.22,24,6,1
1d,40,150,trend,6,0.578,0.703,0.786,419.08,697.6,-30.17,6,6,1
1d,60,75,trend,6,0.536,0.703,0.786,308.14,697.6,-27.67,8,6,2
1d,25,100,trend,6,0.506,0.702,0.786,285,697.6,-27.4,11.17,6,1
1d,150,200,trend,6,0.566,0.701,0.786,277.56,697.6,-29.11,3,6,1
1d,20,150,trend,6,0.555,0.7,0.786,341.42,697.6,-30.05,10.17,6,1
1d,20,125,trend,6,0.535,0.699,0.786,292.54,697.6,-29.47,10.83,6,1
1d,25,200,trend,6,0.576,0.699,0.786,324.56,697.6,-27.68,6.5,6,2
1d,15,30,trend,6,0.535,0.697,0.786,201.24,697.6,-21.86,32.33,6,0
1d,125,200,trend,6,0.554,0.697,0.786,264.21,697.6,-30.66,3.17,6,1
1d,7,75,trend,6,0.578,0.696,0.786,250.81,697.6,-25.29,29.17,6,0
1d,9,300,trend,6,0.6,0.695,0.786,272.83,697.6,-28.77,7.67,6,0
1d,20,25,trend,6,0.525,0.695,0.786,212.77,697.6,-21.92,30.83,6,0
1d,4,50,trend,6,0.495,0.693,0.786,208.08,697.6,-23.13,46.33,6,1
1d,12,125,trend,6,0.537,0.693,0.786,273.01,697.6,-27.91,14.33,6,1
1d,2,50,trend,6,0.475,0.692,0.786,223.3,697.6,-25.91,65,6,1
1d,2,100,trend,6,0.544,0.692,0.786,233.69,697.6,-25.63,42.33,6,0
1d,3,50,trend,6,0.481,0.692,0.786,195.84,697.6,-23.74,51.67,6,2
1d,25,125,trend,6,0.557,0.692,0.786,324.13,697.6,-28.2,9.83,6,2
1d,25,150,trend,6,0.553,0.691,0.786,347.76,697.6,-28.93,8.5,6,1
1d,5,200,trend,6,0.555,0.69,0.786,291.89,697.6,-27.38,14.33,6,1
1d,20,300,trend,6,0.613,0.689,0.786,285.74,697.6,-29.7,5.83,6,1
1d,40,100,trend,6,0.543,0.689,0.786,310.45,697.6,-28.06,9,6,1
1d,60,300,trend,6,0.591,0.689,0.786,271.02,697.6,-30.51,3.67,6,1
1d,12,300,trend,6,0.601,0.688,0.786,267.78,697.6,-28.97,7.17,6,1
1d,15,20,trend,6,0.508,0.688,0.786,192.02,697.6,-25.07,38.5,6,1
1d,15,125,trend,6,0.509,0.687,0.786,282.81,697.6,-28.77,13.67,6,1
1d,25,300,trend,6,0.65,0.687,0.786,271.3,697.6,-30.57,5,6,2
1d,40,50,trend,6,0.553,0.687,0.786,238.34,697.6,-27.48,14.83,6,2
1d,20,75,trend,6,0.523,0.686,0.786,213.66,697.6,-26.22,16.5,6,2
1d,7,200,trend,6,0.583,0.683,0.786,292.66,697.6,-28.2,13.17,6,1
1d,50,300,trend,6,0.599,0.683,0.786,292.9,697.6,-30.27,3.67,6,2
1d,9,200,trend,6,0.568,0.682,0.786,267.22,697.6,-29.66,11.33,6,1
1d,15,100,trend,6,0.53,0.682,0.786,250.06,697.6,-27.04,15.33,6,1
1d,20,30,trend,6,0.54,0.682,0.786,249.47,697.6,-25.28,28.5,6,0
1d,40,60,trend,6,0.524,0.682,0.786,242.98,697.6,-27.59,12.83,6,1
1d,50,75,trend,6,0.524,0.681,0.786,291.69,697.6,-29.2,9,6,1
1d,50,100,trend,6,0.553,0.681,0.786,345.34,697.6,-30.21,7.17,6,1
1d,12,30,trend,6,0.513,0.68,0.786,187.97,697.6,-23.39,36.5,6,1
1d,5,60,trend,6,0.536,0.679,0.786,199.56,697.6,-24.95,36.5,6,0
1d,25,50,trend,6,0.549,0.678,0.786,227.88,697.6,-25.32,20.17,6,1
1d,40,75,trend,6,0.492,0.678,0.786,269.8,697.6,-28.05,10.67,6,1
1d,40,200,trend,6,0.596,0.678,0.786,296.96,697.6,-30.65,5,6,1
1d,7,50,trend,6,0.565,0.676,0.786,204.56,697.6,-22.7,34.83,6,1
1d,9,75,trend,6,0.554,0.675,0.786,247.8,697.6,-24.59,25.17,6,0
1d,12,200,trend,6,0.573,0.675,0.786,262.47,697.6,-29.3,10.33,6,1
1d,30,40,trend,6,0.539,0.675,0.786,230.79,697.6,-26.35,20.17,6,1
1d,7,12,trend,6,0.331,0.674,0.786,246.75,697.6,-28.58,78.33,6,3
1d,20,40,trend,6,0.553,0.674,0.786,243.56,697.6,-27.82,23.17,6,0
1d,5,75,trend,6,0.561,0.673,0.786,226.51,697.6,-26.91,33.83,6,0
1d,20,250,trend,6,0.603,0.672,0.786,275.42,697.6,-29.84,5.83,6,1
1d,15,60,trend,6,0.548,0.671,0.786,237.31,697.6,-26.32,22.5,6,1
1d,20,50,trend,6,0.531,0.671,0.786,247.3,697.6,-25.65,22.17,6,1
1d,60,125,trend,6,0.599,0.671,0.786,345.5,697.6,-31.52,5.5,6,3
1d,75,125,trend,6,0.609,0.67,0.786,350.5,697.6,-31.9,5,6,1
1d,4,75,trend,6,0.542,0.669,0.786,201.68,697.6,-26.86,37.17,6,0
1d,20,60,trend,6,0.535,0.667,0.786,209.17,697.6,-26.88,20.83,6,1
1d,25,30,trend,6,0.556,0.667,0.786,237.73,697.6,-27.17,26.17,6,0
1d,4,60,trend,6,0.524,0.666,0.786,191.75,697.6,-24.14,40.83,6,0
1d,15,200,trend,6,0.567,0.666,0.786,283.68,697.6,-27.89,9.5,6,1
1d,25,40,trend,6,0.549,0.663,0.786,239.15,697.6,-25.91,22.67,6,1
1d,25,75,trend,6,0.516,0.663,0.786,216.35,697.6,-26.64,14,6,1
1d,40,250,trend,6,0.622,0.663,0.786,266.18,697.6,-28.6,4.5,6,1
1d,30,200,trend,6,0.595,0.662,0.786,292.99,697.6,-29.6,6,6,2
1d,60,150,trend,6,0.602,0.662,0.786,350.12,697.6,-32.36,5.17,6,0
1d,3,60,trend,6,0.51,0.661,0.786,190.28,697.6,-25.22,48,6,1
1d,30,75,trend,6,0.519,0.661,0.786,239.7,697.6,-27.58,12.67,6,0
1d,12,75,trend,6,0.53,0.66,0.786,223.95,697.6,-26.96,22,6,1
1d,20,100,trend,6,0.508,0.66,0.786,249.52,697.6,-27.5,13,6,1
1d,75,150,trend,6,0.584,0.659,0.786,356.59,697.6,-32.93,4.67,6,1
1d,4,2,dip,6,0.497,0.658,0.786,240.95,697.6,-29.42,266.17,6,2
1d,125,300,trend,6,0.569,0.658,0.786,230.37,697.6,-27.64,1.83,6,1
1d,15,25,trend,6,0.523,0.655,0.786,169.85,697.6,-24.84,36.17,6,2
1d,3,75,trend,6,0.559,0.653,0.786,185.37,697.6,-25.51,43.5,6,0
1d,100,125,trend,6,0.601,0.653,0.786,339.75,697.6,-32.73,4.67,6,1
1d,100,150,trend,6,0.63,0.653,0.786,300.69,697.6,-33.74,4.33,6,1
1d,7,9,trend,6,0.326,0.652,0.786,273.75,697.6,-29.22,92,6,2
1d,75,100,trend,6,0.591,0.651,0.786,358.2,697.6,-31.93,5.33,6,2
1d,50,60,trend,6,0.492,0.647,0.786,241.24,697.6,-29.64,11.5,6,0
1d,2,75,trend,6,0.512,0.646,0.786,177.71,697.6,-25.69,51.17,6,1
1d,200,300,trend,6,0.472,0.643,0.786,252.93,697.6,-28.03,1.67,6,2
1d,3,15,trend,6,0.344,0.641,0.786,278.48,697.6,-29.14,108.33,6,2
1d,2,60,trend,6,0.497,0.638,0.786,196.45,697.6,-24.79,58.67,6,0
1d,150,300,trend,6,0.477,0.625,0.786,218.69,697.6,-28.1,2,6,1
1d,4,15,trend,6,0.366,0.624,0.786,266.31,697.6,-30.18,92.33,6,1
1d,100,200,trend,6,0.565,0.624,0.786,236.21,697.6,-33.59,3.67,6,1
1d,2,20,trend,6,0.339,0.621,0.786,262.69,697.6,-31.11,113.17,6,1
1d,60,250,trend,6,0.593,0.62,0.786,248.97,697.6,-33.11,3.67,6,1
1d,50,200,trend,6,0.596,0.618,0.786,257,697.6,-31.38,4.67,6,0
1d,5,12,trend,6,0.35,0.616,0.786,288.07,697.6,-29.79,95,6,2
1d,75,250,trend,6,0.582,0.615,0.786,253.13,697.6,-34.29,3.5,6,1
1d,100,300,trend,6,0.577,0.615,0.786,186.2,697.6,-28.92,2.67,6,1
1d,250,300,trend,6,0.469,0.615,0.786,363.19,697.6,-25.79,1.33,5,0
1d,50,150,trend,6,0.61,0.607,0.786,325.34,697.6,-32.2,5.67,6,1
1d,3,2,dip,6,0.489,0.605,0.786,210.24,697.6,-29.78,303.83,6,1
1d,200,250,trend,6,0.475,0.604,0.786,212.73,697.6,-30.75,1.83,6,1
1d,100,250,trend,6,0.574,0.601,0.786,176.38,697.6,-29.42,2.67,6,1
1d,75,200,trend,6,0.571,0.6,0.786,228.91,697.6,-33.03,4.33,6,0
1d,125,250,trend,6,0.572,0.6,0.786,181.14,697.6,-29.43,2.67,6,1
1d,60,200,trend,6,0.619,0.598,0.786,257.25,697.6,-32.45,4.67,6,0
1d,4,12,trend,6,0.337,0.594,0.786,322.52,697.6,-29.37,106.33,5,1
1d,50,250,trend,6,0.568,0.591,0.786,237.78,697.6,-32.77,4.33,6,0
1d,150,250,trend,6,0.572,0.586,0.786,195.53,697.6,-30.89,2.5,6,0
1d,4,3,dip,6,0.51,0.583,0.786,186.55,697.6,-31.77,214.67,6,0
1d,5,2,dip,6,0.48,0.579,0.786,173.13,697.6,-31.86,232.67,6,1
1d,3,9,trend,6,0.304,0.574,0.786,266.3,697.6,-31.32,140.33,5,1
1d,5,9,trend,6,0.311,0.563,0.786,280.75,697.6,-30.53,109.67,5,1
1d,2,15,trend,6,0.327,0.552,0.786,241.6,697.6,-33.22,128.5,6,1
1d,4,9,trend,6,0.331,0.549,0.786,235.31,697.6,-30.84,122.5,5,1
1d,7,2,dip,6,0.437,0.539,0.786,158.66,697.6,-31.26,195.83,6,1
1d,4,7,trend,6,0.288,0.533,0.786,221.35,697.6,-31.55,139.33,5,1
1d,3,7,trend,6,0.248,0.53,0.786,198.51,697.6,-32.85,160.33,5,1
1d,3,12,trend,6,0.306,0.53,0.786,237.7,697.6,-31.19,120.83,5,1
1d,2,12,trend,6,0.317,0.522,0.786,226.1,697.6,-33.2,143.67,5,1
1d,5,7,trend,6,0.291,0.522,0.786,207.67,697.6,-30.9,126.83,5,1
1d,5,3,dip,6,0.464,0.515,0.786,148.78,697.6,-32.54,193.17,6,0
1d,7,5,dip,6,0.379,0.515,0.786,156.19,697.6,-32.2,127,6,1
1d,250,50,dip,6,0.126,0.515,0.786,77.72,697.6,-20.93,4.17,6,1
1d,12,3,dip,6,0.362,0.513,0.786,138.29,697.6,-32.91,120.83,6,1
1d,200,100,dip,6,0.136,0.511,0.786,75.33,697.6,-20.45,3.5,6,1
1d,5,4,dip,6,0.421,0.507,0.786,141.31,697.6,-34.37,166.5,6,0
1d,9,2,dip,6,0.392,0.505,0.786,123.3,697.6,-34.31,170.83,6,1
1d,200,75,dip,6,0.124,0.505,0.786,80.48,697.6,-21.05,4.17,6,1
1d,200,60,dip,6,0.131,0.504,0.786,69.56,697.6,-21.89,4.5,6,2
1d,12,2,dip,6,0.338,0.502,0.786,128.6,697.6,-33,143.67,6,1
1d,4,5,trend,6,0.218,0.498,0.786,158.22,697.6,-32.55,166.33,5,0
1d,7,4,dip,6,0.373,0.498,0.786,165.96,697.6,-32.5,139.5,6,2
1d,250,75,dip,6,0.127,0.492,0.786,74.5,697.6,-20.45,3.33,5,1
1d,300,75,dip,6,0.127,0.49,0.786,64.48,697.6,-20.34,2.67,6,1
1d,9,4,dip,6,0.345,0.489,0.786,144.57,697.6,-32.33,122.33,6,1
1d,125,100,dip,6,0.173,0.488,0.786,73.49,697.6,-22.69,4.33,6,2
1d,250,125,dip,6,0.134,0.487,0.786,60.95,697.6,-19.74,2.67,6,1
1d,150,100,dip,6,0.144,0.486,0.786,78.03,697.6,-22.69,3.83,6,1
1d,9,5,dip,6,0.365,0.485,0.786,145.02,697.6,-32.7,109.5,6,1
1d,15,2,dip,6,0.341,0.483,0.786,126.89,697.6,-32.9,128.67,6,0
1d,2,9,trend,6,0.24,0.482,0.786,209.09,697.6,-34.74,171,5,1
1d,250,60,dip,6,0.112,0.481,0.786,75.45,697.6,-20.45,3.5,5,1
1d,7,3,dip,6,0.393,0.48,0.786,116.64,697.6,-34.99,160.5,6,0
1d,150,125,dip,6,0.135,0.48,0.786,81.15,697.6,-20.96,3.5,5,1
1d,200,150,dip,6,0.136,0.48,0.786,60.37,697.6,-20.34,2.83,6,2
1d,300,60,dip,6,0.119,0.48,0.786,69.66,697.6,-20.38,3.5,6,1
1d,25,15,dip,6,0.246,0.475,0.786,146.23,697.6,-31.4,35.83,6,0
1d,250,100,dip,6,0.139,0.473,0.786,63.79,697.6,-20.34,2.67,6,1
1d,60,50,dip,6,0.277,0.471,0.786,100.14,697.6,-26.05,11,6,0
1d,3,5,trend,6,0.145,0.468,0.786,141.35,697.6,-30.18,193,6,0
1d,12,4,dip,6,0.345,0.468,0.786,124.95,697.6,-33.53,106.17,6,1
1d,150,50,dip,6,0.183,0.466,0.786,72.58,697.6,-22.83,5.17,6,1
1d,60,20,dip,6,0.239,0.464,0.786,123.44,697.6,-30.12,20.5,6,0
1d,30,25,dip,6,0.221,0.463,0.786,106.08,697.6,-30.74,25.83,6,0
1d,12,5,dip,6,0.341,0.462,0.786,133.86,697.6,-33.01,94.83,6,0
1d,150,75,dip,6,0.191,0.46,0.786,66.27,697.6,-22.69,4.17,6,2
1d,300,50,dip,6,0.108,0.458,0.786,64.89,697.6,-20.45,3.5,5,1
1d,40,25,dip,6,0.227,0.457,0.786,102.66,697.6,-29.84,22.33,6,0
1d,250,20,dip,6,0.145,0.457,0.786,69.85,697.6,-22.74,5.83,6,0
1d,9,3,dip,6,0.358,0.456,0.786,126.34,697.6,-33.61,140.17,6,1
1d,50,7,dip,6,0.218,0.454,0.786,117.16,697.6,-31.76,34.5,6,0
1d,60,15,dip,6,0.226,0.454,0.786,103.31,697.6,-29.63,22.33,6,0
1d,75,25,dip,6,0.251,0.454,0.786,113.46,697.6,-28.1,14,6,0
1d,250,40,dip,6,0.123,0.454,0.786,64.59,697.6,-20.98,4.5,6,0
1d,300,25,dip,6,0.099,0.454,0.786,63.92,697.6,-20.54,4.83,6,0
1d,15,4,dip,6,0.327,0.452,0.786,125.09,697.6,-32.43,92.33,6,0
1d,30,20,dip,6,0.236,0.452,0.786,102.25,697.6,-30.81,28.17,6,0
1d,50,20,dip,6,0.243,0.452,0.786,100.53,697.6,-29.73,21.83,6,0
1d,30,12,dip,6,0.256,0.451,0.786,129.08,697.6,-31.89,36.17,6,0
1d,40,20,dip,6,0.225,0.449,0.786,100.6,697.6,-29.9,22.83,6,0
1d,60,2,dip,6,0.255,0.449,0.786,116.36,697.6,-32.57,58.67,6,0
1d,100,20,dip,6,0.245,0.449,0.786,95.68,697.6,-28.07,12.83,6,0
1d,300,100,dip,6,0.131,0.449,0.786,53.58,697.6,-19.6,2.67,6,1
1d,50,25,dip,6,0.231,0.447,0.786,108.52,697.6,-30.12,19.83,6,0
1d,75,30,dip,6,0.243,0.447,0.786,98.83,697.6,-28.2,12.67,6,0
1d,20,15,dip,6,0.255,0.446,0.786,123.24,697.6,-32.4,38.17,6,0
1d,200,50,dip,6,0.15,0.446,0.786,65.88,697.6,-22.11,4.5,6,2
1d,25,20,dip,6,0.245,0.445,0.786,113.63,697.6,-30.89,30.5,6,0
1d,20,2,dip,6,0.337,0.444,0.786,109.67,697.6,-33.3,113,6,0
1d,40,30,dip,6,0.24,0.444,0.786,106.46,697.6,-30.25,19.83,6,0
1d,75,3,dip,6,0.212,0.443,0.786,120.8,697.6,-31.22,43.67,6,0
1d,150,60,dip,6,0.182,0.443,0.786,64.49,697.6,-22.69,4.67,6,2
1d,200,125,dip,6,0.142,0.443,0.786,62.88,697.6,-20.45,3,6,1
1d,50,40,dip,6,0.23,0.442,0.786,103.46,697.6,-28.1,14.33,6,0
1d,75,12,dip,6,0.234,0.442,0.786,107.73,697.6,-29.27,22.17,6,0
1d,9,7,dip,6,0.361,0.441,0.786,138.36,697.6,-33.24,91.33,6,0
1d,30,15,dip,6,0.239,0.441,0.786,119.17,697.6,-31.5,32,6,0
1d,75,2,dip,6,0.249,0.44,0.786,132,697.6,-31.14,51.33,6,0
1d,300,40,dip,6,0.103,0.44,0.786,60.59,697.6,-20.45,3.67,6,1
1d,2,7,trend,6,0.167,0.439,0.786,128.14,697.6,-33.62,195.67,5,0
1d,60,40,dip,6,0.252,0.439,0.786,98.43,697.6,-27.9,12.5,6,0
1d,60,3,dip,6,0.252,0.438,0.786,120.17,697.6,-31.86,48,6,0
1d,125,60,dip,6,0.183,0.436,0.786,69.29,697.6,-24.15,5.17,6,0
1d,12,7,dip,6,0.365,0.435,0.786,112.28,697.6,-33.99,78,6,0
1d,40,12,dip,6,0.23,0.435,0.786,110.46,697.6,-31.44,29.33,6,0
1d,100,15,dip,6,0.228,0.435,0.786,97.94,697.6,-28.7,15.17,6,0
1d,125,75,dip,6,0.172,0.434,0.786,64.46,697.6,-23.06,4.67,6,1
1d,300,200,dip,6,0.125,0.434,0.786,34.88,697.6,-14.67,1.67,6,0
1d,50,3,dip,6,0.267,0.433,0.786,120.49,697.6,-32.9,51.33,6,0
1d,75,4,dip,6,0.228,0.433,0.786,112,697.6,-30.77,37.33,6,0
1d,50,9,dip,6,0.21,0.432,0.786,109.83,697.6,-30.97,31.83,6,0
1d,75,20,dip,6,0.241,0.432,0.786,113.57,697.6,-29.16,16.67,6,0
1d,300,20,dip,6,0.129,0.432,0.786,58.33,697.6,-20.49,5.67,6,0
1d,25,12,dip,6,0.263,0.431,0.786,123.95,697.6,-32.87,38,6,0
1d,40,15,dip,6,0.241,0.431,0.786,97.3,697.6,-30.54,27.33,6,0
1d,50,4,dip,6,0.264,0.431,0.786,113.5,697.6,-32.67,46,6,0
1d,60,4,dip,6,0.243,0.431,0.786,117.13,697.6,-31.11,40.83,6,0
1d,75,40,dip,6,0.273,0.43,0.786,86.31,697.6,-26.08,10.5,6,0
1d,15,3,dip,6,0.338,0.429,0.786,115.06,697.6,-33.09,108.33,6,0
1d,75,5,dip,6,0.215,0.429,0.786,104.19,697.6,-30.5,34,6,0
1d,200,40,dip,6,0.158,0.428,0.786,60.84,697.6,-21.77,4.83,6,1
1d,250,150,dip,6,0.133,0.428,0.786,45.53,697.6,-19.02,2.33,6,1
1d,50,15,dip,6,0.227,0.426,0.786,93.7,697.6,-29.78,23.67,6,0
1d,60,5,dip,6,0.237,0.426,0.786,110.98,697.6,-31.25,36.5,6,0
1d,75,9,dip,6,0.21,0.426,0.786,93.66,697.6,-29.36,25.33,6,0
1d,30,9,dip,6,0.271,0.425,0.786,128.08,697.6,-32.63,40.17,6,0
1d,300,30,dip,6,0.099,0.425,0.786,56.61,697.6,-19.55,4.5,6,0
1d,50,2,dip,6,0.264,0.423,0.786,107.14,697.6,-33.21,64.67,6,0
1d,40,9,dip,6,0.262,0.422,0.786,110.04,697.6,-31.36,34.5,6,0
1d,50,5,dip,6,0.251,0.422,0.786,109.61,697.6,-31.66,41.33,6,0
1d,60,25,dip,6,0.237,0.419,0.786,105.38,697.6,-29.07,17,6,0
1d,60,30,dip,6,0.229,0.419,0.786,109.33,697.6,-28.64,14.5,6,0
1d,60,12,dip,6,0.221,0.418,0.786,92.14,697.6,-30.04,24.83,6,0
1d,75,50,dip,6,0.242,0.418,0.786,79.21,697.6,-25.85,8.83,6,0
1d,200,30,dip,6,0.164,0.418,0.786,62.14,697.6,-23.69,6,6,0
1d,300,150,dip,6,0.101,0.418,0.786,40.92,697.6,-18.17,2,6,1
1d,40,7,dip,6,0.276,0.417,0.786,114.73,697.6,-31.9,38.5,6,0
1d,125,12,dip,6,0.221,0.415,0.786,85.41,697.6,-28.68,14.17,6,0
1d,125,15,dip,6,0.244,0.415,0.786,82.29,697.6,-28.07,13.5,6,0
1d,50,30,dip,6,0.227,0.414,0.786,102.83,697.6,-29.21,17.33,6,0
1d,250,30,dip,6,0.126,0.414,0.786,59.16,697.6,-21.92,4.67,6,0
1d,15,12,dip,6,0.258,0.413,0.786,91.32,697.6,-31.95,50.83,6,0
1d,40,3,dip,6,0.284,0.411,0.786,107.33,697.6,-34.13,58.5,6,0
1d,75,15,dip,6,0.253,0.411,0.786,102.82,697.6,-29.56,19.33,6,0
1d,300,12,dip,6,0.143,0.411,0.786,62.22,697.6,-23.11,7,6,0
1d,100,75,dip,6,0.19,0.409,0.786,63.86,697.6,-25.35,5,6,0
1d,125,20,dip,6,0.225,0.407,0.786,78.16,697.6,-27.5,10.5,6,0
1d,75,7,dip,6,0.203,0.405,0.786,90.5,697.6,-29.93,29.33,6,0
1d,100,2,dip,6,0.224,0.405,0.786,96.58,697.6,-30.3,42.33,6,0
1d,250,200,dip,6,0.104,0.404,0.786,39.83,697.6,-16.86,1.67,6,0
1d,12,9,dip,6,0.349,0.403,0.786,94.79,697.6,-34,66.83,6,0
1d,100,25,dip,6,0.244,0.403,0.786,79.22,697.6,-27.88,10.83,6,0
1d,15,5,dip,6,0.353,0.4,0.786,92.88,697.6,-33.02,80.33,6,0
1d,25,9,dip,6,0.291,0.4,0.786,111.5,697.6,-32.77,44.5,6,0
1d,50,12,dip,6,0.237,0.4,0.786,86.08,697.6,-30.07,26.67,6,0
1d,100,9,dip,6,0.232,0.4,0.786,93.87,697.6,-28.73,19.83,6,0
1d,125,25,dip,6,0.206,0.399,0.786,69.93,697.6,-25.66,9.5,6,0
1d,15,9,dip,6,0.308,0.398,0.786,90.2,697.6,-32.34,58.33,6,0
1d,40,5,dip,6,0.285,0.398,0.786,102.81,697.6,-32.82,44.33,6,0
1d,100,5,dip,6,0.214,0.398,0.786,87.14,697.6,-29.67,26,6,0
1d,40,4,dip,6,0.286,0.397,0.786,99.28,697.6,-32.4,51,6,0
1d,250,25,dip,6,0.135,0.397,0.786,55.14,697.6,-22.17,5.67,6,0
1d,20,9,dip,6,0.272,0.396,0.786,89.23,697.6,-32.95,49.33,6,0
1d,20,12,dip,6,0.284,0.396,0.786,103.13,697.6,-33.06,43.17,6,0
1d,30,7,dip,6,0.297,0.395,0.786,105.21,697.6,-33.23,45,6,0
1d,200,25,dip,6,0.182,0.395,0.786,57.58,697.6,-23.66,6.5,6,0
1d,20,7,dip,6,0.303,0.393,0.786,91.69,697.6,-32.87,56.67,6,0
1d,100,40,dip,6,0.215,0.393,0.786,67.98,697.6,-26.5,8.67,6,0
1d,75,60,dip,6,0.231,0.392,0.786,69.24,697.6,-26.25,7.83,6,0
1d,200,12,dip,6,0.183,0.392,0.786,60.69,697.6,-26.81,10.17,6,0
1d,25,7,dip,6,0.284,0.391,0.786,101.9,697.6,-33.95,48.17,6,0
1d,100,12,dip,6,0.221,0.391,0.786,90.8,697.6,-29.12,16.83,6,0
1d,100,50,dip,6,0.21,0.391,0.786,61.35,697.6,-26.45,6.83,6,0
1d,200,15,dip,6,0.183,0.391,0.786,56.82,697.6,-25.62,9.33,6,0
1d,60,7,dip,6,0.218,0.389,0.786,91.99,697.6,-30.75,31,6,0
1d,250,12,dip,6,0.167,0.389,0.786,60.29,697.6,-24.85,7,6,0
1d,100,30,dip,6,0.234,0.388,0.786,72.23,697.6,-26.22,9.17,6,0
1d,15,7,dip,6,0.351,0.385,0.786,79.82,697.6,-34.24,67.67,6,0
1d,25,2,dip,6,0.34,0.383,0.786,82.82,697.6,-32.46,97.5,6,0
1d,250,15,dip,6,0.159,0.383,0.786,55.03,697.6,-24.5,6.67,6,0
1d,300,9,dip,6,0.152,0.383,0.786,56.91,697.6,-24.34,7.5,6,0
1d,20,5,dip,6,0.315,0.381,0.786,90.02,697.6,-33.04,70,6,0
1d,30,5,dip,6,0.296,0.381,0.786,95.36,697.6,-34.19,51.83,6,0
1d,300,15,dip,6,0.136,0.379,0.786,53.39,697.6,-22.39,6.17,6,0
1d,25,5,dip,6,0.299,0.377,0.786,91.79,697.6,-32.87,59.33,6,0
1d,40,2,dip,6,0.279,0.377,0.786,88.27,697.6,-34.07,71.83,6,0
1d,100,7,dip,6,0.219,0.377,0.786,80.26,697.6,-29.04,21.5,6,0
1d,20,4,dip,6,0.336,0.376,0.786,78.81,697.6,-33.49,78.33,6,0
1d,60,9,dip,6,0.208,0.376,0.786,79.97,697.6,-30.27,27.5,6,0
1d,150,15,dip,6,0.214,0.376,0.786,66.24,697.6,-27.67,10.17,6,0
1d,125,9,dip,6,0.206,0.373,0.786,75.31,697.6,-28.68,16.5,6,0
1d,125,30,dip,6,0.192,0.373,0.786,61.96,697.6,-25.46,8.67,6,0
1d,20,3,dip,6,0.358,0.372,0.786,80.62,697.6,-33.87,92.33,6,0
1d,100,4,dip,6,0.214,0.372,0.786,77.95,697.6,-29.52,29.83,6,0
1d,150,20,dip,6,0.2,0.372,0.786,59.37,697.6,-26.7,9.67,6,0
1d,250,3,dip,6,0.183,0.371,0.786,62.21,697.6,-25.8,14.5,6,0
1d,150,25,dip,6,0.204,0.369,0.786,57.22,697.6,-24.65,8,6,0
1d,150,9,dip,6,0.207,0.368,0.786,68.01,697.6,-28.06,13.33,6,0
1d,200,9,dip,6,0.193,0.368,0.786,57.13,697.6,-26.82,11.17,6,0
1d,250,2,dip,6,0.196,0.367,0.786,60.24,697.6,-25.56,18.5,6,0
1d,200,20,dip,6,0.164,0.366,0.786,53.36,697.6,-24.49,7.17,6,0
1d,3,4,trend,6,0.078,0.365,0.786,91.33,697.6,-34.15,214.67,5,0
1d,30,3,dip,6,0.303,0.364,0.786,95.85,697.6,-34.44,70,6,0
1d,25,4,dip,6,0.282,0.362,0.786,86.47,697.6,-33.35,68,6,0
1d,200,7,dip,6,0.184,0.362,0.786,53.93,697.6,-26.78,13,6,0
1d,100,3,dip,6,0.22,0.36,0.786,74.59,697.6,-30.15,35.33,6,0
1d,300,2,dip,6,0.188,0.36,0.786,58.43,697.6,-25.05,17,6,0
1d,300,125,dip,6,0.137,0.359,0.786,34.2,697.6,-19.02,1.83,6,1
1d,125,40,dip,6,0.207,0.358,0.786,50.37,697.6,-26.27,6.17,6,0
1d,300,3,dip,6,0.189,0.357,0.786,57.16,697.6,-25.18,14.33,6,0
1d,200,5,dip,6,0.198,0.356,0.786,52.83,697.6,-26.94,14.17,6,0
1d,2,5,trend,6,0.1,0.354,0.786,89.39,697.6,-34.84,232.5,5,0
1d,25,3,dip,6,0.319,0.354,0.786,78.69,697.6,-32.97,78.83,6,0
1d,150,40,dip,6,0.19,0.351,0.786,46.9,697.6,-24.87,5.5,6,0
1d,250,7,dip,6,0.152,0.35,0.786,55.51,697.6,-26.65,10.17,6,0
1d,30,4,dip,6,0.311,0.349,0.786,90.83,697.6,-34.16,58.33,6,0
1d,30,2,dip,6,0.304,0.345,0.786,80.93,697.6,-33.79,85.5,6,0
1d,100,60,dip,6,0.204,0.345,0.786,46.78,697.6,-26.48,5.5,6,0
1d,125,7,dip,6,0.207,0.344,0.786,71.02,697.6,-28.57,16.83,6,0
1d,300,5,dip,6,0.169,0.344,0.786,54.62,697.6,-25.36,10.67,6,0
1d,250,9,dip,6,0.157,0.343,0.786,51.35,697.6,-26.41,8.33,6,0
1d,150,12,dip,6,0.213,0.341,0.786,57.01,697.6,-28.11,10.83,6,0
1d,250,4,dip,6,0.168,0.34,0.786,52.37,697.6,-26.35,12.5,6,0
1d,125,4,dip,6,0.224,0.338,0.786,69.8,697.6,-28.65,23.17,6,0
1d,250,5,dip,6,0.17,0.338,0.786,53.1,697.6,-26.42,11.33,6,0
1d,125,50,dip,6,0.188,0.336,0.786,43.53,697.6,-26.78,5.5,6,0
1d,200,4,dip,6,0.197,0.335,0.786,49.22,697.6,-27.7,15.83,6,0
1d,300,7,dip,6,0.167,0.334,0.786,47.34,697.6,-24.86,8.33,6,0
1d,300,4,dip,6,0.18,0.333,0.786,50.62,697.6,-25.65,12.17,6,0
1d,125,5,dip,6,0.229,0.332,0.786,65.43,697.6,-28.65,20,6,0
1d,150,30,dip,6,0.223,0.331,0.786,49,697.6,-25.04,7,6,0
1d,150,7,dip,6,0.22,0.325,0.786,54.76,697.6,-28.93,14.17,6,0
1d,200,2,dip,6,0.187,0.316,0.786,48.02,697.6,-28.18,22.67,6,0
1d,300,250,dip,6,0.16,0.316,0.786,25.75,697.6,-12.21,1.17,5,1
1d,150,4,dip,6,0.218,0.315,0.786,55.4,697.6,-28.4,20.5,6,0
1d,150,2,dip,6,0.232,0.312,0.786,51.63,697.6,-28.98,29.5,6,0
1d,150,5,dip,6,0.222,0.312,0.786,54.6,697.6,-28.58,17.67,6,0
1d,125,2,dip,6,0.212,0.31,0.786,55.78,697.6,-28.95,33,6,0
1d,200,3,dip,6,0.183,0.305,0.786,44.55,697.6,-28,18,6,0
1d,125,3,dip,6,0.224,0.299,0.786,54.08,697.6,-28.92,25.67,6,0
1d,150,3,dip,6,0.231,0.293,0.786,49.72,697.6,-28.54,23.33,6,0
1d,2,3,trend,6,0.044,0.266,0.786,47.62,697.6,-32.59,303.67,5,0
1d,2,4,trend,6,0.061,0.235,0.786,45.7,697.6,-36.74,266.17,5,0
1h,150,15,dip,6,0.133,1.659,1.26,10.34,16.96,-7.7,7,6,4
1h,150,12,dip,6,0.133,1.651,1.26,10.74,16.96,-7.72,8,6,4
1h,125,20,dip,6,0.231,1.542,1.26,10.11,16.96,-7.79,6.17,6,5
1h,4,50,trend,6,-0.18,1.536,1.26,14.22,16.96,-7.7,16.67,6,5
1h,150,9,dip,6,0.225,1.534,1.26,10.12,16.96,-7.82,8.17,6,4
1h,5,40,trend,6,-0.079,1.51,1.26,14.74,16.96,-8.35,18,6,4
1h,12,30,trend,6,-0.087,1.501,1.26,14.41,16.96,-7.52,14,6,5
1h,100,30,dip,6,0.309,1.501,1.26,9.62,16.96,-7.85,5.83,6,3
1h,125,15,dip,6,0.259,1.501,1.26,9.95,16.96,-8,7.17,6,5
1h,100,40,dip,6,0.335,1.48,1.26,9.1,16.96,-7.86,5,6,2
1h,7,40,trend,6,-0.142,1.471,1.26,13.77,16.96,-8.02,15,6,4
1h,125,25,dip,6,0.252,1.464,1.26,9.09,16.96,-7.82,5.5,6,3
1h,100,20,dip,6,0.373,1.458,1.26,9.66,16.96,-7.99,6.83,5,4
1h,2,50,trend,6,-0.111,1.444,1.26,12.16,16.96,-8.79,23.33,6,4
1h,150,20,dip,6,0.151,1.432,1.26,8.93,16.96,-7.63,6.5,5,4
1h,3,50,trend,6,-0.163,1.43,1.26,12.23,16.96,-8.65,21,6,4
1h,9,75,trend,6,0.084,1.427,1.26,12.46,16.96,-8.42,9.83,6,4
1h,5,100,trend,6,0.261,1.407,1.26,13.63,16.96,-8.85,11.17,6,5
1h,7,75,trend,6,0.213,1.404,1.26,11.94,16.96,-8.7,10.83,6,4
1h,12,75,trend,6,-0.003,1.398,1.26,11.36,16.96,-9.11,8.67,6,4
1h,20,50,trend,6,-0.03,1.394,1.26,12.43,16.96,-9.24,8,6,4
1h,4,40,trend,6,-0.163,1.388,1.26,13.74,16.96,-8.83,20.33,6,3
1h,7,100,trend,6,0.274,1.388,1.26,12.89,16.96,-9.49,9.17,6,4
1h,5,50,trend,6,-0.155,1.381,1.26,11.93,16.96,-8.51,15,6,4
1h,15,60,trend,6,0.097,1.379,1.26,12.29,16.96,-8.88,8.33,6,4
1h,100,25,dip,6,0.338,1.354,1.26,8.7,16.96,-7.93,6.5,6,2
1h,9,100,trend,6,0.202,1.35,1.26,12.5,16.96,-9.87,8.83,6,4
1h,15,50,trend,6,-0.064,1.35,1.26,12.17,16.96,-8.77,9.33,6,4
1h,12,60,trend,6,-0.057,1.349,1.26,11.3,16.96,-8.79,9.5,6,4
1h,75,40,dip,6,0.444,1.349,1.26,8.14,16.96,-7.94,5.67,6,3
1h,125,12,dip,6,0.301,1.348,1.26,8.79,16.96,-7.98,7.67,6,3
1h,15,40,trend,6,-0.027,1.341,1.26,11.8,16.96,-8.04,10.67,6,4
1h,7,30,trend,6,-0.078,1.333,1.26,13.32,16.96,-8.5,19.83,6,4
1h,12,40,trend,6,-0.133,1.333,1.26,11.49,16.96,-8.24,11.67,6,3
1h,5,60,trend,6,-0.09,1.327,1.26,11.62,16.96,-8.71,14.5,6,3
1h,150,5,dip,6,0.144,1.327,1.26,8.88,16.96,-7.79,9.67,6,2
1h,60,50,dip,6,0.434,1.326,1.26,8.47,16.96,-8.09,5.83,6,1
1h,100,15,dip,6,0.391,1.326,1.26,9.13,16.96,-8.09,6.83,5,3
1h,9,50,trend,6,-0.031,1.322,1.26,11.45,16.96,-8.26,12,6,3
1h,12,50,trend,6,0.022,1.318,1.26,11.55,16.96,-8.03,11,6,3
1h,25,40,trend,6,-0.063,1.318,1.26,11.94,16.96,-9.28,8.5,6,3
1h,7,60,trend,6,-0.003,1.317,1.26,10.98,16.96,-8.23,12.5,6,4
1h,150,25,dip,6,0.234,1.316,1.26,8.11,16.96,-7.52,5,5,3
1h,3,40,trend,6,-0.121,1.315,1.26,12.54,16.96,-8.68,23.83,6,4
1h,40,60,trend,6,0.28,1.312,1.26,11.77,16.96,-10.59,5.67,6,3
1h,15,75,trend,6,0.066,1.309,1.26,11.23,16.96,-9.98,7.67,6,4
1h,125,30,dip,6,0.228,1.308,1.26,8.4,16.96,-7.81,5.17,5,3
1h,3,100,trend,6,0.132,1.307,1.26,12.34,16.96,-9.22,13.5,6,3
1h,4,100,trend,6,0.244,1.306,1.26,12.76,16.96,-8.93,12.67,6,4
1h,150,7,dip,6,0.118,1.306,1.26,8.1,16.96,-7.83,8.5,6,4
1h,150,3,dip,6,0.208,1.302,1.26,8.84,16.96,-7.86,11,6,2
1h,15,30,trend,6,0.077,1.294,1.26,11.83,16.96,-9.01,12.67,6,2
1h,15,25,trend,6,0.035,1.293,1.26,11.96,16.96,-8.53,14.17,6,2
1h,20,75,trend,6,0.136,1.292,1.26,11.02,16.96,-10.56,7.17,6,2
1h,125,5,dip,6,0.269,1.286,1.26,8.33,16.96,-7.98,10.33,6,2
1h,150,4,dip,6,0.206,1.286,1.26,9.05,16.96,-7.78,9.83,6,2
1h,25,75,trend,6,0.225,1.283,1.26,11.26,16.96,-10.55,6.33,6,2
1h,2,60,trend,6,-0.228,1.281,1.26,9.91,16.96,-8.96,21.83,6,3
1h,20,30,trend,6,0.005,1.281,1.26,11.33,16.96,-8.59,11.33,6,3
1h,20,25,trend,6,0.076,1.279,1.26,11.7,16.96,-8.59,12,6,4
1h,30,75,trend,6,0.264,1.279,1.26,11.16,16.96,-10.73,6.17,6,3
1h,12,25,trend,6,0.009,1.278,1.26,12.82,16.96,-8.19,16,6,5
1h,125,4,dip,6,0.286,1.275,1.26,8.38,16.96,-7.97,11.5,6,3
1h,40,50,trend,6,0.018,1.27,1.26,11.37,16.96,-9.96,6.33,6,3
1h,5,75,trend,6,0.163,1.269,1.26,10.1,16.96,-9.04,12.83,6,4
1h,20,60,trend,6,0.023,1.266,1.26,10.65,16.96,-10.18,7.5,6,3
1h,30,40,trend,6,-0.102,1.264,1.26,11.42,16.96,-9.81,7.5,6,3
1h,9,60,trend,6,-0.055,1.261,1.26,10.51,16.96,-8.24,11.33,6,4
1h,25,50,trend,6,-0.137,1.261,1.26,10.73,16.96,-10.23,7.33,6,3
1h,9,30,trend,6,-0.199,1.258,1.26,12.74,16.96,-8.08,16.83,6,3
1h,30,60,trend,6,0.058,1.253,1.26,11.08,16.96,-10.15,6.83,6,2
1h,4,75,trend,6,0.058,1.25,1.26,10.02,16.96,-8.89,14.33,6,4
1h,7,50,trend,6,-0.073,1.25,1.26,10.3,16.96,-8.82,13.5,6,3
1h,75,30,dip,6,0.49,1.244,1.26,8.23,16.96,-8.05,5.83,6,4
1h,75,50,dip,6,0.34,1.243,1.26,7.43,16.96,-8.04,4.83,5,3
1h,9,20,trend,6,0.068,1.24,1.26,13.27,16.96,-8.36,22,5,4
1h,20,40,trend,6,-0.056,1.237,1.26,11.34,16.96,-9.08,9.67,6,2
1h,4,60,trend,6,-0.153,1.235,1.26,10.6,16.96,-9.05,15.83,6,3
1h,15,20,trend,6,-0.034,1.234,1.26,12.7,16.96,-8.05,16.17,6,4
1h,100,12,dip,6,0.448,1.233,1.26,8.23,16.96,-8.17,7.5,6,2
1h,9,40,trend,6,-0.195,1.225,1.26,10.8,16.96,-8.59,13.33,6,3
1h,100,125,trend,6,0.751,1.221,1.26,12.07,16.96,-9.26,2.67,6,2
1h,150,30,dip,6,0.23,1.221,1.26,7.32,16.96,-7.62,4.33,5,3
1h,50,30,dip,6,0.614,1.22,1.26,8.39,16.96,-8.02,7.33,6,3
1h,2,100,trend,6,0.06,1.219,1.26,11.82,16.96,-9.16,16,6,2
1h,9,25,trend,6,-0.079,1.218,1.26,12.04,16.96,-8.65,19.17,5,3
1h,2,40,trend,6,-0.163,1.216,1.26,10.85,16.96,-9.17,28,6,2
1h,12,100,trend,6,0.287,1.212,1.26,10.8,16.96,-10.82,7.83,6,2
1h,60,150,trend,6,0.852,1.211,1.26,11.21,16.96,-9.67,3,6,2
1h,125,50,dip,6,0.116,1.209,1.26,7.23,16.96,-7.32,3.67,5,3
1h,60,25,dip,6,0.611,1.207,1.26,8.55,16.96,-8.15,7.33,6,2
1h,60,20,dip,6,0.587,1.205,1.26,8.59,16.96,-8.17,7.17,6,2
1h,3,75,trend,6,0.06,1.197,1.26,9.55,16.96,-9.08,16.17,6,4
1h,25,30,trend,6,0.017,1.195,1.26,10.81,16.96,-9.13,10,6,3
1h,4,30,trend,6,0.101,1.194,1.26,11.12,16.96,-9.31,24.33,6,2
1h,150,40,dip,6,0.057,1.187,1.26,6.7,16.96,-7.32,3.67,5,3
1h,2,75,trend,6,-0.029,1.181,1.26,9.48,16.96,-9.23,19.67,6,3
1h,75,20,dip,6,0.563,1.177,1.26,8.22,16.96,-8.15,6.83,5,3
1h,75,150,trend,6,0.79,1.171,1.26,11.51,16.96,-9.39,3.17,6,2
1h,2,25,trend,6,0.002,1.164,1.26,11.86,16.96,-8.49,37.33,5,3
1h,15,100,trend,6,0.377,1.164,1.26,10.03,16.96,-10.87,7.17,6,2
1h,60,40,dip,6,0.472,1.159,1.26,7.42,16.96,-8.01,5.5,6,4
1h,3,125,trend,6,0.377,1.154,1.26,11.06,16.96,-9.58,13.17,6,3
1h,125,40,dip,6,0.269,1.15,1.26,7.07,16.96,-7.68,4.33,5,2
1h,9,125,trend,6,0.433,1.148,1.26,10.58,16.96,-9.83,8.5,6,2
1h,60,3,dip,6,0.521,1.145,1.26,8.45,16.96,-7.84,18.33,6,4
1h,3,60,trend,6,-0.085,1.142,1.26,9.71,16.96,-9.27,18.67,6,3
1h,75,25,dip,6,0.501,1.141,1.26,8,16.96,-8.1,6,5,2
1h,3,30,trend,6,-0.023,1.14,1.26,10.67,16.96,-9.01,27.33,5,2
1h,125,7,dip,6,0.296,1.136,1.26,7.84,16.96,-8.01,9.17,6,3
1h,75,3,dip,6,0.435,1.131,1.26,8.77,16.96,-8.23,15.83,6,2
1h,75,15,dip,6,0.576,1.13,1.26,7.97,16.96,-8.26,7.33,6,3
1h,125,3,dip,6,0.286,1.128,1.26,7.36,16.96,-7.95,13,6,3
1h,2,125,trend,6,0.248,1.125,1.26,10.76,16.96,-9.72,15.33,6,2
1h,2,150,trend,6,0.437,1.12,1.26,9.55,16.96,-10.06,13,6,2
1h,3,25,trend,6,0.087,1.118,1.26,11.39,16.96,-8.27,31.17,4,3
1h,7,25,trend,6,0.098,1.116,1.26,11.35,16.96,-8.97,22.17,5,2
1h,12,20,trend,6,-0.124,1.114,1.26,11.07,16.96,-8.92,19.17,5,3
1h,30,50,trend,6,0.017,1.11,1.26,9.54,16.96,-11,7.33,6,2
1h,125,2,dip,6,0.329,1.109,1.26,7.37,16.96,-7.92,15.17,6,2
1h,25,60,trend,6,0.061,1.108,1.26,9.18,16.96,-11.02,7.33,6,2
1h,75,5,dip,6,0.416,1.107,1.26,8.62,16.96,-8.12,12.5,6,2
1h,2,20,trend,6,-0.067,1.106,1.26,12.13,16.96,-8.83,41.17,4,3
1h,75,125,trend,6,0.875,1.102,1.26,10.85,16.96,-9.99,3.5,6,2
1h,7,20,trend,6,0.067,1.1,1.26,12.12,16.96,-7.97,24.5,5,3
1h,200,7,dip,6,0.009,1.1,1.26,6.69,16.96,-7.33,6.67,5,3
1h,75,4,dip,6,0.454,1.095,1.26,8.51,16.96,-8.2,14,6,2
1h,4,20,trend,6,0.178,1.094,1.26,11.12,16.96,-7.97,31.83,4,3
1h,75,60,dip,6,0.361,1.091,1.26,6.68,16.96,-8.12,4.67,5,3
1h,4,125,trend,6,0.397,1.089,1.26,10.38,16.96,-9.77,11.83,6,3
1h,75,2,dip,6,0.469,1.089,1.26,8.57,16.96,-8.21,19.33,5,2
1h,200,3,dip,6,0.135,1.089,1.26,6.48,16.96,-7.45,9.5,5,3
1h,12,15,trend,6,0.12,1.088,1.26,12.28,16.96,-8.01,22.67,4,4
1h,7,125,trend,6,0.425,1.085,1.26,10.12,16.96,-10.24,9.5,6,2
1h,200,2,dip,6,0.142,1.085,1.26,6.47,16.96,-7.55,11.17,5,4
1h,5,30,trend,6,0.09,1.083,1.26,10.95,16.96,-9.28,23,5,2
1h,2,30,trend,6,-0.045,1.081,1.26,10.22,16.96,-8.99,32.67,5,2
1h,50,100,trend,6,0.553,1.075,1.26,11,16.96,-10.52,5,6,3
1h,60,9,dip,6,0.621,1.067,1.26,8.03,16.96,-8.23,11,6,3
1h,60,4,dip,6,0.591,1.063,1.26,7.87,16.96,-7.82,15.5,6,3
1h,60,12,dip,6,0.635,1.063,1.26,7.96,16.96,-8.2,9.17,6,3
1h,125,9,dip,6,0.302,1.062,1.26,7.21,16.96,-7.96,8.17,6,2
1h,200,4,dip,6,0.135,1.062,1.26,6.42,16.96,-7.48,8.67,4,3
1h,40,30,dip,6,0.696,1.059,1.26,6.96,16.96,-8.09,7.33,6,2
1h,100,50,dip,6,0.276,1.05,1.26,6.81,16.96,-7.75,4.5,4,3
1h,4,25,trend,6,0.165,1.048,1.26,10.76,16.96,-8.22,28.33,5,3
1h,5,25,trend,6,0.134,1.042,1.26,10.9,16.96,-8.69,25.67,5,3
1h,100,9,dip,6,0.493,1.037,1.26,6.54,16.96,-8.18,8.5,5,3
1h,5,125,trend,6,0.433,1.035,1.26,9.94,16.96,-10.35,10.67,6,3
1h,75,12,dip,6,0.596,1.033,1.26,7.78,16.96,-8.3,8.33,5,2
1h,50,40,dip,6,0.643,1.032,1.26,6.72,16.96,-8.07,6.33,6,2
1h,60,75,trend,6,0.438,1.028,1.26,10.58,16.96,-10.33,5.17,6,3
1h,60,7,dip,6,0.557,1.02,1.26,7.64,16.96,-8.21,12.17,6,3
1h,60,30,dip,6,0.626,1.015,1.26,6.72,16.96,-8.1,6.83,6,2
1h,60,15,dip,6,0.522,1.011,1.26,6.94,16.96,-8.29,8,6,1
1h,100,2,dip,6,0.455,1.011,1.26,6.32,16.96,-8.1,15.67,6,2
1h,200,9,dip,6,-0.026,1.011,1.26,6.5,16.96,-7.25,6,4,3
1h,200,20,dip,6,0.087,1.01,1.26,6.2,16.96,-6.73,4.5,4,3
1h,50,60,trend,6,0.345,1.006,1.26,9.77,16.96,-10.85,6.17,6,2
1h,100,60,dip,6,0.239,1.005,1.26,6.18,16.96,-7.39,3.5,5,2
1h,50,25,dip,6,0.721,0.999,1.26,6.97,16.96,-8.14,7.33,6,1
1h,5,20,trend,6,0.256,0.994,1.26,9.94,16.96,-8.21,29.17,4,3
1h,60,125,trend,6,0.856,0.987,1.26,10.92,16.96,-10.5,4,6,3
1h,150,2,dip,6,0.177,0.987,1.26,7.37,16.96,-7.84,12.67,5,1
1h,60,100,trend,6,0.618,0.985,1.26,10.66,16.96,-10.94,4.17,6,3
1h,100,150,trend,6,0.759,0.985,1.26,8.95,16.96,-10.17,2.67,6,2
1h,75,100,trend,6,0.813,0.98,1.26,10.93,16.96,-10.62,3.67,6,2
1h,50,150,trend,6,0.832,0.978,1.26,10.26,16.96,-10.54,3.83,6,2
1h,30,25,dip,6,0.61,0.977,1.26,6.36,16.96,-8.29,9.83,6,2
1h,4,150,trend,6,0.469,0.975,1.26,8.26,16.96,-11.05,10.17,6,2
1h,250,2,dip,6,-0.026,0.974,1.26,5.18,16.96,-6.74,8.5,3,3
1h,150,50,dip,6,0.018,0.969,1.26,5.02,16.96,-7.3,3.17,5,1
1h,40,75,trend,6,0.333,0.96,1.26,9.99,16.96,-10.99,6,6,2
1h,40,125,trend,6,0.583,0.96,1.26,10.1,16.96,-11.37,4.83,5,2
1h,150,125,dip,6,0.202,0.958,1.26,6.62,16.96,-5.8,1.67,4,2
1h,200,100,dip,6,0.133,0.958,1.26,6.44,16.96,-5.7,1.67,4,2
1h,3,20,trend,6,0.107,0.955,1.26,10.77,16.96,-8.63,35.83,4,3
1h,125,60,dip,6,0.034,0.954,1.26,4.73,16.96,-7.32,3.33,4,1
1h,200,5,dip,6,0.073,0.95,1.26,5.56,16.96,-7.48,8,4,3
1h,100,75,dip,6,0.083,0.948,1.26,4.89,16.96,-7.39,3,4,1
1h,3,150,trend,6,0.437,0.939,1.26,8.23,16.96,-10.88,11.33,6,1
1h,60,5,dip,6,0.562,0.938,1.26,6.89,16.96,-8.07,14.17,6,2
1h,50,7,dip,6,0.58,0.937,1.26,6.92,16.96,-7.96,13.5,6,3
1h,40,20,dip,6,0.677,0.936,1.26,5.8,16.96,-8.16,9.5,6,1
1h,100,3,dip,6,0.431,0.936,1.26,6.14,16.96,-8.12,13.17,5,2
1h,100,7,dip,6,0.411,0.931,1.26,5.97,16.96,-8.03,8.83,6,1
1h,7,150,trend,6,0.593,0.928,1.26,8.78,16.96,-11.35,8.83,6,0
1h,75,7,dip,6,0.412,0.928,1.26,6.77,16.96,-8.27,10.5,5,2
1h,20,100,trend,6,0.418,0.927,1.26,8.47,16.96,-11.05,7.17,6,2
1h,5,150,trend,6,0.552,0.925,1.26,8.22,16.96,-11.05,10,6,2
1h,200,12,dip,6,0.061,0.922,1.26,6.06,16.96,-7.18,5,4,3
1h,200,25,dip,6,0.073,0.919,1.26,5.31,16.96,-6.53,4.17,4,2
1h,50,12,dip,6,0.59,0.914,1.26,6.03,16.96,-8.41,11,6,2
1h,250,7,dip,6,0.019,0.913,1.26,4.98,16.96,-6.49,5.33,4,2
1h,12,125,trend,6,0.458,0.911,1.26,8.55,16.96,-10.98,8,6,1
1h,250,5,dip,6,0.004,0.908,1.26,4.79,16.96,-6.52,6.17,3,2
1h,250,9,dip,6,-0.032,0.907,1.26,4.99,16.96,-6.47,4.83,3,2
1h,100,4,dip,6,0.385,0.906,1.26,5.84,16.96,-8.32,12.33,6,1
1h,75,9,dip,6,0.52,0.905,1.26,6.46,16.96,-8.23,9.5,5,2
1h,50,75,trend,6,0.499,0.902,1.26,9.64,16.96,-11.08,5.33,6,1
1h,125,200,trend,6,0.734,0.898,1.26,7.15,16.96,-8.31,1.83,5,1
1h,250,3,dip,6,-0.052,0.897,1.26,4.81,16.96,-6.71,7.17,3,3
1h,25,150,trend,6,0.592,0.896,1.26,9.19,16.96,-11.59,5.5,6,2
1h,40,25,dip,6,0.671,0.896,1.26,5.71,16.96,-8.15,8.33,6,2
1h,30,150,trend,6,0.602,0.894,1.26,9.08,16.96,-11.3,4.83,6,2
1h,40,9,dip,6,0.716,0.894,1.26,6.21,16.96,-7.96,13.17,6,3
1h,30,20,dip,6,0.601,0.893,1.26,6.04,16.96,-8.29,11.33,6,3
1h,60,2,dip,6,0.579,0.889,1.26,7.91,16.96,-7.99,21.5,5,2
1h,25,100,trend,6,0.488,0.883,1.26,8.19,16.96,-10.79,6.83,6,2
1h,250,60,dip,6,0.046,0.883,1.26,6.08,16.96,-5.7,2,4,2
1h,200,15,dip,6,0.045,0.881,1.26,5.46,16.96,-7.23,4.67,4,3
1h,9,15,trend,6,0.102,0.88,1.26,10.16,16.96,-7.98,25,4,2
1h,50,9,dip,6,0.598,0.877,1.26,5.87,16.96,-8.15,12,6,2
1h,25,20,dip,6,0.562,0.872,1.26,5.91,16.96,-7.86,12,5,3
1h,3,15,trend,6,-0.22,0.87,1.26,9.95,16.96,-8.56,42.67,4,3
1h,40,150,trend,6,0.844,0.87,1.26,8.83,16.96,-11.26,4.33,6,2
1h,30,125,trend,6,0.584,0.867,1.26,8.78,16.96,-11.83,5.67,6,2
1h,200,30,dip,6,-0.025,0.864,1.26,4.98,16.96,-6.21,3.5,4,2
1h,200,75,dip,6,0.022,0.861,1.26,4.98,16.96,-5.8,1.83,4,2
1h,50,20,dip,6,0.63,0.851,1.26,5.43,16.96,-8.23,8,6,1
1h,125,75,dip,6,0.029,0.85,1.26,4.3,16.96,-7.25,2.83,5,2
1h,3,5,trend,6,-0.609,0.849,1.26,9.69,16.96,-7.15,68.83,5,2
1h,250,4,dip,6,-0.018,0.849,1.26,4.73,16.96,-6.65,6.5,3,3
1h,250,20,dip,6,0.045,0.849,1.26,4.74,16.96,-6.27,3.33,3,2
1h,125,150,trend,6,0.657,0.844,1.26,6.51,16.96,-9.94,2.33,6,2
1h,100,5,dip,6,0.391,0.84,1.26,5.18,16.96,-8.15,10.83,5,2
1h,150,100,dip,6,0.109,0.838,1.26,4.65,16.96,-5.98,2,4,2
1h,2,15,trend,6,-0.404,0.837,1.26,8.98,16.96,-8.26,50.17,4,3
1h,50,125,trend,6,0.812,0.829,1.26,8.54,16.96,-11.75,4.33,6,2
1h,40,15,dip,6,0.65,0.826,1.26,5.43,16.96,-8.33,10.5,6,2
1h,40,12,dip,6,0.708,0.822,1.26,5.59,16.96,-8.09,11.5,6,3
1h,30,15,dip,6,0.556,0.819,1.26,5.57,16.96,-8.1,12.67,5,3
1h,50,15,dip,6,0.664,0.806,1.26,5.17,16.96,-8.15,9.33,6,1
1h,4,5,trend,6,-0.676,0.8,1.26,9.02,16.96,-7.87,60.33,4,2
1h,5,15,trend,6,0.011,0.8,1.26,9.2,16.96,-8.24,33.33,4,3
1h,15,125,trend,6,0.52,0.788,1.26,7.07,16.96,-11.89,7.5,6,1
1h,2,7,trend,6,-0.608,0.787,1.26,8.74,16.96,-6.95,70.33,5,2
1h,3,12,trend,6,-0.357,0.779,1.26,7.64,16.96,-8.34,46.83,4,2
1h,300,30,dip,6,0.006,0.778,1.26,5.64,16.96,-5.58,1.83,4,2
1h,20,150,trend,6,0.689,0.774,1.26,7.96,16.96,-12.33,7,6,2
1h,5,9,trend,6,-0.286,0.773,1.26,8.08,16.96,-8.66,41.33,4,2
1h,25,125,trend,6,0.54,0.77,1.26,7.96,16.96,-12.28,6,6,2
1h,40,100,trend,6,0.502,0.769,1.26,7.95,16.96,-11.98,5.5,6,2
1h,50,5,dip,6,0.617,0.764,1.26,5.37,16.96,-7.94,15,6,1
1h,100,200,trend,6,0.713,0.759,1.26,6.4,16.96,-9.57,2.17,5,1
1h,200,60,dip,6,0.021,0.758,1.26,4.3,16.96,-5.92,2.17,4,2
1h,7,15,trend,6,0.225,0.755,1.26,9.18,16.96,-8.37,28.83,4,3
1h,9,150,trend,6,0.529,0.753,1.26,6.57,16.96,-11.91,8.5,6,1
1h,75,200,trend,6,0.866,0.752,1.26,7.88,16.96,-9.89,2.33,5,1
1h,20,125,trend,6,0.567,0.738,1.26,6.74,16.96,-12.47,6.67,6,1
1h,250,30,dip,6,0.048,0.735,1.26,4.39,16.96,-6.04,2.67,4,2
1h,30,100,trend,6,0.523,0.732,1.26,7.22,16.96,-12.06,6.33,6,2
1h,200,40,dip,6,-0.058,0.729,1.26,4.43,16.96,-6.14,2.67,4,2
1h,4,15,trend,6,-0.113,0.721,1.26,8.73,16.96,-8.77,38.17,4,2
1h,200,125,dip,6,0.123,0.714,1.26,5.31,16.96,-5.52,1.33,4,2
1h,4,9,trend,6,-0.334,0.712,1.26,7.61,16.96,-8.88,47.17,4,1
1h,4,12,trend,6,-0.281,0.71,1.26,7.95,16.96,-8.84,40.5,4,2
1h,250,50,dip,6,0.052,0.708,1.26,5.78,16.96,-5.8,1.83,4,2
1h,200,50,dip,6,0.011,0.706,1.26,3.9,16.96,-6,2.33,4,2
1h,7,12,trend,6,0.003,0.703,1.26,8.3,16.96,-8.33,32.83,4,2
1h,250,75,dip,6,0.123,0.7,1.26,5.4,16.96,-5.66,1.33,4,2
1h,250,12,dip,6,-0.028,0.699,1.26,4.09,16.96,-6.36,4.67,3,2
1h,2,12,trend,6,-0.585,0.698,1.26,7.37,16.96,-8.28,55,4,1
1h,2,9,trend,6,-0.582,0.695,1.26,8.61,16.96,-7.8,63.33,4,2
1h,250,15,dip,6,-0.033,0.69,1.26,4.08,16.96,-6.36,3.67,3,3
1h,300,40,dip,6,0.033,0.674,1.26,5.64,16.96,-5.46,1.5,4,1
1h,150,60,dip,6,0.013,0.673,1.26,4.17,16.96,-7.18,2.33,4,2
1h,3,7,trend,6,-0.606,0.672,1.26,8.78,16.96,-8,60,4,2
1h,250,25,dip,6,-0.045,0.669,1.26,4.08,16.96,-6.04,2.5,4,2
1h,9,12,trend,6,0.194,0.656,1.26,7.56,16.96,-8.52,29.83,4,2
1h,12,150,trend,6,0.665,0.648,1.26,6.06,16.96,-12.41,8.5,6,1
1h,150,75,dip,6,0.066,0.639,1.26,3.62,16.96,-6.93,2.5,4,1
1h,7,5,dip,6,0.639,0.635,1.26,4.86,16.96,-9.21,49.33,5,1
1h,25,15,dip,6,0.588,0.632,1.26,4.3,16.96,-8.79,14.17,4,3
1h,7,9,trend,6,-0.227,0.631,1.26,7.45,16.96,-8.95,35.83,4,1
1h,5,7,trend,6,-0.47,0.626,1.26,7.26,16.96,-9.14,48.83,4,1
1h,15,150,trend,6,0.715,0.626,1.26,6.29,16.96,-12.85,7.5,6,1
1h,300,5,dip,6,0.03,0.621,1.26,3.11,16.96,-5.95,4.5,3,2
1h,300,50,dip,6,0.16,0.608,1.26,5.17,16.96,-5.32,1.5,4,1
1h,3,9,trend,6,-0.497,0.604,1.26,7.41,16.96,-8.44,53.67,4,1
1h,4,7,trend,6,-0.578,0.603,1.26,7.19,16.96,-7.94,53.33,4,2
1h,300,4,dip,6,0.013,0.603,1.26,3.02,16.96,-6.05,4.67,3,2
1h,9,7,dip,6,0.547,0.592,1.26,4.7,16.96,-9.03,35.83,4,2
1h,7,4,dip,6,0.66,0.59,1.26,4.28,16.96,-9.63,53.83,5,1
1h,3,4,trend,6,-0.492,0.589,1.26,6.94,16.96,-7.58,79,4,1
1h,12,9,dip,6,0.29,0.586,1.26,4.78,16.96,-8.89,29.5,4,3
1h,250,40,dip,6,-0.006,0.584,1.26,3.39,16.96,-5.99,2,4,2
1h,300,15,dip,6,-0.014,0.579,1.26,3.61,16.96,-5.72,2.83,4,1
1h,50,3,dip,6,0.596,0.577,1.26,4.28,16.96,-8.48,21,5,0
1h,300,20,dip,6,0.006,0.575,1.26,3.53,16.96,-5.73,2.67,4,1
1h,125,100,dip,6,0.06,0.574,1.26,3.19,16.96,-6.96,2,4,1
1h,300,3,dip,6,0.016,0.574,1.26,2.84,16.96,-6.04,5.17,3,2
1h,300,2,dip,6,0.028,0.57,1.26,2.97,16.96,-6.11,6.67,3,2
1h,12,5,dip,6,0.486,0.562,1.26,4.33,16.96,-8.88,37,4,2
1h,300,12,dip,6,0.056,0.551,1.26,2.83,16.96,-5.93,3.17,3,1
1h,5,12,trend,6,-0.156,0.55,1.26,6.55,16.96,-9.29,37.17,4,1
1h,300,9,dip,6,0.03,0.549,1.26,2.8,16.96,-6.02,3.33,3,1
1h,50,2,dip,6,0.511,0.531,1.26,4.15,16.96,-8.59,23.17,5,1
1h,60,200,trend,6,0.887,0.528,1.26,6.46,16.96,-8.2,2.33,4,0
1h,40,7,dip,6,0.649,0.527,1.26,3.31,16.96,-8.59,14.83,6,0
1h,300,7,dip,6,0.025,0.519,1.26,2.86,16.96,-6.02,3.67,3,1
1h,2,5,trend,6,-0.423,0.516,1.26,5.66,16.96,-7.91,84.17,4,0
1h,12,7,dip,6,0.428,0.503,1.26,3.88,16.96,-9.04,32.5,4,2
1h,30,9,dip,6,0.729,0.497,1.26,2.91,16.96,-9.09,16.83,5,2
1h,50,4,dip,6,0.628,0.495,1.26,2.92,16.96,-8.46,16.67,6,0
1h,15,7,dip,6,0.259,0.491,1.26,3.61,16.96,-9.36,28.5,4,2
1h,30,12,dip,6,0.65,0.48,1.26,2.58,16.96,-8.76,14,5,1
1h,25,12,dip,6,0.565,0.478,1.26,2.8,16.96,-9.06,16,5,2
1h,50,300,trend,6,0.684,0.466,1.26,3.02,16.96,-4.65,1.17,4,0
1h,300,25,dip,6,0.004,0.459,1.26,3.21,16.96,-5.7,2.17,4,1
1h,20,12,dip,6,0.654,0.455,1.26,3.16,16.96,-8.84,19.67,5,1
1h,75,300,trend,6,0.772,0.449,1.26,3.57,16.96,-4.17,0.67,3,1
1h,15,9,dip,6,0.409,0.426,1.26,2.81,16.96,-8.8,24.83,5,2
1h,9,5,dip,6,0.542,0.417,1.26,3.29,16.96,-9.72,41.33,5,1
1h,25,5,dip,6,0.379,0.416,1.26,2.63,16.96,-8.37,25.67,4,1
1h,60,300,trend,6,0.663,0.408,1.26,3.12,16.96,-4.17,0.83,3,1
1h,75,250,trend,6,0.711,0.403,1.26,2.95,16.96,-4.71,1,4,1
1h,25,4,dip,6,0.336,0.398,1.26,2.65,16.96,-8.45,28.33,4,1
1h,2,4,trend,6,-0.352,0.396,1.26,5.73,16.96,-8.75,95.33,3,1
1h,20,5,dip,6,0.236,0.396,1.26,3.09,16.96,-8.84,29.67,4,1
1h,30,5,dip,6,0.428,0.396,1.26,2.75,16.96,-8.78,23,3,1
1h,40,300,trend,6,0.867,0.385,1.26,2.5,16.96,-4.68,1.17,4,0
1h,7,3,dip,6,0.595,0.383,1.26,2.16,16.96,-10.03,60.33,5,1
1h,9,4,dip,6,0.531,0.378,1.26,3.09,16.96,-9.29,47,3,1
1h,12,4,dip,6,0.554,0.371,1.26,2.56,16.96,-9.57,40.33,4,2
1h,200,150,dip,6,0.034,0.367,1.26,4.43,16.96,-4.6,1.33,3,1
1h,15,4,dip,6,0.451,0.366,1.26,2.26,16.96,-9.05,37.83,3,2
1h,200,250,trend,6,0.696,0.366,1.26,2.67,16.96,-1.81,0.33,2,1
1h,300,60,dip,6,0.173,0.366,1.26,4.47,16.96,-4.84,1.17,3,1
1h,25,7,dip,6,0.445,0.365,1.26,2.35,16.96,-8.58,22.17,5,1
1h,200,300,trend,6,0.93,0.365,1.26,2.58,16.96,-1.81,0.33,2,0
1h,15,5,dip,6,0.403,0.363,1.26,2.5,16.96,-9.16,33,3,2
1h,9,3,dip,6,0.579,0.358,1.26,2.49,16.96,-9.45,53.5,4,1
1h,100,300,trend,6,0.824,0.357,1.26,2.6,16.96,-1.81,0.33,2,1
1h,125,300,trend,6,0.8,0.345,1.26,2.48,16.96,-1.81,0.33,2,0
1h,100,250,trend,6,0.782,0.344,1.26,2.89,16.96,-3.92,0.83,3,1
1h,150,300,trend,6,0.768,0.344,1.26,2.5,16.96,-1.81,0.33,2,0
1h,20,15,dip,6,0.624,0.341,1.26,2.1,16.96,-9.33,16.83,5,0
1h,20,300,trend,6,0.807,0.34,1.26,4.65,16.96,-5.86,2.33,3,1
1h,125,250,trend,6,0.837,0.337,1.26,2.49,16.96,-1.81,0.33,2,0
1h,150,250,trend,6,0.748,0.335,1.26,2.43,16.96,-1.81,0.33,2,0
1h,30,3,dip,6,0.45,0.324,1.26,2.54,16.96,-8.79,27.33,5,0
1h,25,9,dip,6,0.62,0.323,1.26,2.08,16.96,-8.81,19.17,5,1
1h,25,300,trend,6,0.857,0.321,1.26,4.17,16.96,-5.04,1.83,3,1
1h,40,4,dip,6,0.63,0.317,1.26,1.36,16.96,-8.88,20.17,4,1
1h,20,7,dip,6,0.465,0.314,1.26,1.64,16.96,-9.27,25,5,1
1h,30,4,dip,6,0.379,0.306,1.26,2.52,16.96,-8.71,24.33,4,0
1h,300,75,dip,6,0.065,0.306,1.26,3.9,16.96,-4.71,1,3,1
1h,30,2,dip,6,0.407,0.298,1.26,2.4,16.96,-8.87,32.67,5,0
1h,25,3,dip,6,0.362,0.291,1.26,1.93,16.96,-9.28,31.17,4,1
1h,5,4,dip,6,0.63,0.29,1.26,1.67,16.96,-10.28,60.67,4,1
1h,12,300,trend,6,0.702,0.285,1.26,4.61,16.96,-6.34,2.83,3,1
1h,20,3,dip,6,0.286,0.266,1.26,1.5,16.96,-8.63,36.33,4,1
1h,30,300,trend,6,0.856,0.261,1.26,2.06,16.96,-4.8,1.5,4,0
1h,40,250,trend,6,0.876,0.256,1.26,4.7,16.96,-5.48,1.67,2,1
1h,2,300,trend,6,0.624,0.254,1.26,3.36,16.96,-7.05,6.33,3,1
1h,7,300,trend,6,0.69,0.248,1.26,4.27,16.96,-6.45,3.33,2,1
1h,9,300,trend,6,0.7,0.246,1.26,4.67,16.96,-6.27,3,2,1
1h,15,300,trend,6,0.832,0.244,1.26,4.13,16.96,-6.18,2.5,3,1
1h,15,12,dip,6,0.451,0.242,1.26,0.98,16.96,-8.85,22.5,4,1
1h,12,3,dip,6,0.559,0.241,1.26,1.84,16.96,-9.37,46.67,5,1
1h,20,9,dip,6,0.483,0.233,1.26,0.96,16.96,-8.96,22.5,4,1
1h,250,300,trend,6,0.936,0.232,1.26,1.99,16.96,-1.07,0.17,1,0
1h,300,200,dip,6,0.135,0.228,1.26,3.89,16.96,-2.15,0.67,2,1
1h,250,200,dip,6,0.182,0.227,1.26,4,16.96,-2.71,0.67,2,2
1h,30,7,dip,6,0.61,0.226,1.26,1.34,16.96,-9.17,19.83,4,0
1h,20,4,dip,6,0.275,0.223,1.26,1.5,16.96,-9.18,32.33,4,0
1h,60,250,trend,6,0.818,0.217,1.26,2.48,16.96,-5.26,1.67,3,0
1h,40,5,dip,6,0.586,0.216,1.26,0.78,16.96,-8.93,17.83,3,1
1h,40,2,dip,6,0.535,0.2,1.26,1.89,16.96,-9.35,27.83,4,0
1h,250,100,dip,6,0.084,0.2,1.26,4.15,16.96,-5.45,1.17,3,1
1h,25,250,trend,6,0.848,0.185,1.26,3.72,16.96,-5.83,2.17,2,1
1h,30,250,trend,6,0.758,0.18,1.26,3.57,16.96,-5.84,2.33,2,0
1h,50,250,trend,6,0.811,0.18,1.26,1.87,16.96,-5.34,1.5,3,0
1h,150,200,trend,6,0.807,0.176,1.26,1.08,16.96,-6.04,1.17,3,0
1h,12,2,dip,6,0.628,0.167,1.26,1.23,16.96,-9.42,54.67,3,1
1h,25,2,dip,6,0.358,0.167,1.26,0.93,16.96,-8.74,37.33,4,1
1h,250,150,dip,6,0.117,0.16,1.26,3.14,16.96,-3.57,0.67,2,0
1h,300,150,dip,6,0.173,0.16,1.26,3.67,16.96,-2.86,0.67,2,0
1h,15,3,dip,6,0.498,0.155,1.26,0.57,16.96,-9.42,42.5,3,2
1h,3,300,trend,6,0.66,0.143,1.26,3.53,16.96,-6.56,4.83,2,1
1h,7,2,dip,6,0.439,0.133,1.26,0.58,16.96,-10.62,70.67,4,1
1h,40,3,dip,6,0.54,0.128,1.26,0.91,16.96,-9.53,23.67,3,0
1h,4,3,dip,6,0.206,0.126,1.26,0.61,16.96,-10.7,78.83,3,0
1h,9,2,dip,6,0.504,0.121,1.26,0.35,16.96,-10.07,63.17,3,0
1h,4,300,trend,6,0.683,0.12,1.26,3.36,16.96,-6.56,4.33,2,1
1h,15,2,dip,6,0.553,0.103,1.26,0.38,16.96,-9.44,50,3,1
1h,5,300,trend,6,0.663,0.097,1.26,3.92,16.96,-6.72,4.17,3,1
1h,5,2,dip,6,0.039,0.086,1.26,0.69,16.96,-10.57,84.33,3,0
1h,5,3,dip,6,0.46,0.081,1.26,0.24,16.96,-10.46,69.17,3,1
1h,300,125,dip,6,0.146,0.056,1.26,2.92,16.96,-3.57,0.67,2,0
1h,2,3,trend,6,-0.397,0.052,1.26,1.07,16.96,-10.35,114,2,0
1h,5,200,trend,6,0.602,0.044,1.26,3.66,16.96,-10.03,7.67,3,1
1h,20,2,dip,6,0.343,0.019,1.26,-0.44,16.96,-9.49,41.67,3,0
1h,300,100,dip,6,0.065,-0.02,1.26,2.12,16.96,-3.96,0.67,2,0
1h,3,2,dip,6,-0.326,-0.024,1.26,0.25,16.96,-10.01,113.33,3,0
1h,12,200,trend,6,0.654,-0.048,1.26,2.44,16.96,-9.93,4.67,2,1
1h,3,200,trend,6,0.49,-0.071,1.26,2.34,16.96,-10.08,9.17,4,0
1h,4,200,trend,6,0.508,-0.073,1.26,2.63,16.96,-10.34,8.33,4,1
1h,4,2,dip,6,-0.17,-0.083,1.26,-1.25,16.96,-10.43,95.17,4,0
1h,50,200,trend,6,0.842,-0.083,1.26,2.82,16.96,-7.21,2.17,2,0
1h,250,125,dip,6,0.044,-0.087,1.26,2.09,16.96,-4.16,0.67,2,0
1h,2,200,trend,6,0.457,-0.105,1.26,1.88,16.96,-10.29,10.83,2,0
1h,15,250,trend,6,0.787,-0.105,1.26,2.52,16.96,-6.24,3.33,1,1
1h,5,250,trend,6,0.708,-0.124,1.26,2.38,16.96,-8.95,5.67,2,1
1h,9,250,trend,6,0.768,-0.124,1.26,1.95,16.96,-7.25,4.33,2,1
1h,4,250,trend,6,0.732,-0.133,1.26,2.62,16.96,-9.25,6,2,1
1h,9,200,trend,6,0.763,-0.149,1.26,2.2,16.96,-10.09,5.67,2,1
1h,40,200,trend,6,0.872,-0.152,1.26,1.85,16.96,-7.54,2.5,1,0
1h,15,200,trend,6,0.691,-0.155,1.26,2.29,16.96,-9.65,4.33,3,0
1h,7,250,trend,6,0.701,-0.175,1.26,2.05,16.96,-8.47,4.83,2,1
1h,3,250,trend,6,0.757,-0.185,1.26,2.53,16.96,-9.19,6.67,2,1
1h,20,250,trend,6,0.7,-0.199,1.26,1.92,16.96,-6.28,3,1,1
1h,300,250,dip,6,0.112,-0.199,1.26,3.21,16.96,-2.1,0.5,1,1
1h,20,200,trend,6,0.651,-0.216,1.26,0.73,16.96,-9.81,4.17,1,0
1h,7,200,trend,6,0.685,-0.222,1.26,2.44,16.96,-9.84,6.33,2,2
1h,25,200,trend,6,0.68,-0.226,1.26,1.35,16.96,-9.08,3.83,1,0
1h,12,250,trend,6,0.777,-0.265,1.26,2.18,16.96,-6.49,4.17,1,1
1h,2,250,trend,6,0.712,-0.318,1.26,1.92,16.96,-9.93,8.17,1,1
1h,30,200,trend,6,0.839,-0.402,1.26,1.22,16.96,-8.13,3.33,1,0
