strategy,step,lever,learn_trades,learn_noStop,learn_perWeek,learn_winRate,learn_avgR,learn_totalR,learn_pf,learn_maxDDR,learn_t,learn_returnPct,learn_maxDDPct
orb,1,15m bars,1488,0,4.76,47.11,0.047,69.7,1.11,-27.36,1.6,82.7,-26.6
orb,1,longs only,774,0,2.47,48.45,0.109,84.2,1.24,-11.78,2.51,119.41,-12.76
orb,1,shorts only,720,0,2.3,38.89,0.007,4.91,1.01,-30.36,0.13,-1.59,-29.06
orb,1,entries until 10:30,1342,0,4.29,43.89,0.073,98.44,1.15,-23.42,2.05,138.72,-22.91
orb,1,entries until 11:00,1429,0,4.57,43.95,0.062,88.53,1.12,-24.27,1.81,115.41,-23.02
orb,1,entries until 12:00,1467,0,4.69,43.83,0.059,86.78,1.12,-27.12,1.76,111.14,-25.21
orb,1,entries until 14:00,1482,0,4.74,43.86,0.06,88.27,1.12,-29.74,1.78,114.15,-27.16
orb,1,entries from 10:00,742,0,2.37,43.4,0.015,11.07,1.03,-37.39,0.34,5.98,-33.73
orb,1,with daily trend,752,0,2.4,48.01,0.127,95.84,1.27,-16.66,2.76,145.54,-16.77
orb,1,VWAP side,1494,0,4.77,43.84,0.06,89.11,1.12,-29.74,1.8,115.93,-27.16
orb,1,with opening gap,738,0,2.36,46.21,0.076,55.84,1.16,-13.17,1.67,65.3,-12.83
orb,1,room ≥ 2 ATR to prior-day level,1270,0,4.06,43.94,0.056,71.06,1.11,-35.4,1.56,83.6,-33.03
orb,1,room ≥ 5 ATR to prior-day level,898,0,2.87,44.43,0.036,32.05,1.07,-39.27,0.85,28.51,-34.68
orb,1,stop 1×ATR,1494,0,4.77,21.75,0.125,186.17,1.16,-51.19,1.95,310.37,-41.28
orb,1,stop 1.5×ATR,1494,0,4.77,30.12,0.113,168.37,1.16,-35.18,2.26,302.6,-31.05
orb,1,stop 2×ATR,1494,0,4.77,36.88,0.098,146.69,1.16,-28.29,2.34,257.12,-27.39
orb,1,stop 3×ATR,1494,0,4.77,43.98,0.036,53.45,1.07,-40.94,1.15,53.38,-36.05
orb,1,target 1R,1494,0,4.77,52.14,0.026,38.56,1.06,-30.48,1.09,38.05,-27.39
orb,1,target 1.5R,1494,0,4.77,47.12,0.051,76.2,1.11,-22.88,1.84,96.65,-21.34
orb,1,target 2R,1494,0,4.77,45.45,0.065,97.84,1.14,-19.25,2.18,140.69,-19.61
orb,1,target 3R,1494,0,4.77,44.38,0.082,122.03,1.17,-21,2.51,201.16,-19.91
orb,1,break-even at 1R,1494,0,4.77,38.89,0.07,104.55,1.16,-30.78,2.23,155.16,-27.81
orb,1,max 1 trade a day,1494,0,4.77,43.84,0.06,89.11,1.12,-29.74,1.8,115.93,-27.16
orb,2,15m bars,762,0,2.44,50.79,0.098,74.74,1.23,-14.21,2.39,101.12,-14.57
orb,2,longs only,522,0,1.67,49.81,0.121,63.04,1.27,-14.14,2.35,81.17,-15.38
orb,2,shorts only,230,0,0.74,43.91,0.143,32.8,1.27,-9.1,1.49,35.53,-10.88
orb,2,entries until 10:30,670,0,2.14,47.61,0.138,92.7,1.29,-14.07,2.75,138.72,-13.3
orb,2,entries until 11:00,720,0,2.3,48.19,0.131,94.33,1.28,-14.66,2.75,142.23,-15.07
orb,2,entries until 12:00,734,0,2.35,48.37,0.131,96.39,1.28,-15.66,2.79,147.03,-15.92
orb,2,entries until 14:00,742,0,2.37,48.11,0.128,95.32,1.27,-16.66,2.75,144.29,-16.77
orb,2,entries from 10:00,361,0,1.15,47.37,0.074,26.63,1.16,-23.82,1.17,27.22,-22.27
orb,2,VWAP side,752,0,2.4,48.01,0.127,95.84,1.27,-16.66,2.76,145.54,-16.77
orb,2,with opening gap,382,0,1.22,51.83,0.189,72.05,1.44,-8.53,2.96,99.51,-9.48
orb,2,room ≥ 2 ATR to prior-day level,631,0,2.02,47.86,0.119,75.27,1.25,-14.57,2.38,101.92,-14.91
orb,2,room ≥ 5 ATR to prior-day level,454,0,1.45,49.34,0.088,39.86,1.19,-14.44,1.59,44.37,-14.09
orb,2,stop 1×ATR,752,0,2.4,22.47,0.203,152.42,1.26,-36.05,2.17,251.68,-33.95
orb,2,stop 1.5×ATR,752,0,2.4,32.71,0.234,175.95,1.35,-24.58,3.17,392.58,-24.9
orb,2,stop 2×ATR,752,0,2.4,39.76,0.193,144.87,1.33,-19.64,3.19,284.38,-20.19
orb,2,stop 3×ATR,752,0,2.4,47.74,0.104,78.47,1.22,-15.57,2.34,107.21,-16.07
orb,2,target 1R,752,0,2.4,54.79,0.063,47.12,1.15,-19.92,1.87,55.18,-18.56
orb,2,target 1.5R,752,0,2.4,51.46,0.12,90.51,1.27,-15.5,3.07,136.64,-15.45
orb,2,target 2R,752,0,2.4,49.73,0.134,100.6,1.3,-16.07,3.17,159.93,-15.58
orb,2,target 3R,752,0,2.4,48.4,0.137,103.39,1.3,-16.66,3.03,165.3,-15.62
orb,2,break-even at 1R,752,0,2.4,42.42,0.119,89.73,1.29,-16.4,2.75,132.57,-16.55
orb,2,max 1 trade a day,752,0,2.4,48.01,0.127,95.84,1.27,-16.66,2.76,145.54,-16.77
orb,3,15m bars,762,0,2.44,50.13,0.102,77.68,1.23,-16.46,2.46,106.89,-16.44
orb,3,longs only,522,0,1.67,39.66,0.148,77.34,1.25,-19.62,2.15,103.38,-20.13
orb,3,shorts only,230,0,0.74,40,0.294,67.53,1.5,-8.03,2.43,89,-9.86
orb,3,entries until 10:30,670,0,2.14,39.85,0.216,144.77,1.37,-18.21,3.31,286.71,-16.89
orb,3,entries until 11:00,720,0,2.3,40,0.196,141.24,1.33,-17.62,3.17,271.93,-18.55
orb,3,entries until 12:00,734,0,2.35,40.19,0.204,149.8,1.35,-18.63,3.32,304.2,-19.37
orb,3,entries until 14:00,742,0,2.37,39.89,0.199,147.37,1.34,-19.64,3.25,294.05,-20.19
orb,3,entries from 10:00,361,0,1.15,39.89,0.148,53.54,1.25,-31.96,1.77,63.34,-29.52
orb,3,VWAP side,752,0,2.4,39.76,0.193,144.87,1.33,-19.64,3.19,284.38,-20.19
orb,3,with opening gap,382,0,1.22,44.24,0.282,107.61,1.52,-9.7,3.36,178.72,-11.3
orb,3,room ≥ 2 ATR to prior-day level,631,0,2.02,39.94,0.198,125,1.34,-14.65,2.99,219.95,-15.4
orb,3,room ≥ 5 ATR to prior-day level,454,0,1.45,41.19,0.188,85.49,1.33,-16.18,2.47,121.52,-16.4
orb,3,target 1R,752,0,2.4,53.46,0.058,43.77,1.13,-21.08,1.62,49.46,-20.37
orb,3,target 1.5R,752,0,2.4,46.28,0.097,72.64,1.18,-20.5,2.22,96.08,-19.65
orb,3,target 2R,752,0,2.4,42.95,0.149,112.17,1.27,-18.45,3,186.35,-17.41
orb,3,target 3R,752,0,2.4,40.69,0.194,146.13,1.33,-20.6,3.43,293.99,-19.18
orb,3,break-even at 1R,752,0,2.4,29.65,0.157,118.43,1.34,-19.25,2.88,200.74,-19.69
orb,3,max 1 trade a day,752,0,2.4,39.76,0.193,144.87,1.33,-19.64,3.19,284.38,-20.19
orb,4,15m bars,762,0,2.44,50.26,0.11,84.17,1.25,-16.46,2.65,120.57,-16.22
orb,4,longs only,522,0,1.67,40.42,0.153,79.75,1.26,-19.62,2.32,109.42,-18.24
orb,4,shorts only,230,0,0.74,41.3,0.289,66.38,1.5,-11.29,2.65,88.13,-11.35
orb,4,entries until 10:30,670,0,2.14,40.75,0.213,143.01,1.37,-19.17,3.51,284.55,-17.78
orb,4,entries until 11:00,720,0,2.3,40.83,0.194,139.77,1.33,-18.58,3.36,270.92,-17.34
orb,4,entries until 12:00,734,0,2.35,41.14,0.207,152.14,1.36,-19.58,3.6,318.64,-18.35
orb,4,entries until 14:00,742,0,2.37,40.84,0.2,148.63,1.34,-20.6,3.5,303.9,-19.18
orb,4,entries from 10:00,361,0,1.15,40.72,0.148,53.53,1.26,-29.89,1.89,64.24,-28.02
orb,4,VWAP side,752,0,2.4,40.69,0.194,146.13,1.33,-20.6,3.43,293.99,-19.18
orb,4,with opening gap,382,0,1.22,44.76,0.281,107.23,1.52,-9.7,3.56,179.24,-10.2
orb,4,room ≥ 2 ATR to prior-day level,631,0,2.02,40.89,0.196,123.78,1.34,-16.79,3.18,219.64,-16.61
orb,4,room ≥ 5 ATR to prior-day level,454,0,1.45,41.85,0.191,86.74,1.34,-15.69,2.67,125.8,-16.01
orb,4,break-even at 1R,752,0,2.4,30.45,0.152,114.39,1.33,-18.13,2.98,191.82,-17.84
orb,4,max 1 trade a day,752,0,2.4,40.69,0.194,146.13,1.33,-20.6,3.43,293.99,-19.18
orb,5,15m bars,733,0,2.34,49.8,0.102,74.94,1.23,-14.92,2.39,101.4,-14.89
orb,5,longs only,509,0,1.63,40.86,0.163,82.74,1.28,-18.6,2.43,115.87,-17.4
orb,5,shorts only,225,0,0.72,41.78,0.308,69.4,1.53,-11.29,2.78,93.93,-11.35
orb,5,entries from 10:00,343,0,1.1,41.69,0.174,59.54,1.3,-25.35,2.14,74.52,-24.63
orb,5,VWAP side,734,0,2.35,41.14,0.207,152.14,1.36,-19.58,3.6,318.64,-18.35
orb,5,with opening gap,371,0,1.19,45.01,0.288,106.84,1.54,-9.7,3.59,178.23,-10.2
orb,5,room ≥ 2 ATR to prior-day level,615,0,1.97,41.3,0.208,127.75,1.36,-14.59,3.31,232.97,-14.52
orb,5,room ≥ 5 ATR to prior-day level,443,0,1.42,42.44,0.206,91.38,1.37,-15.69,2.83,136.67,-16.01
orb,5,break-even at 1R,734,0,2.35,30.65,0.162,119.13,1.35,-17.01,3.13,206.17,-16.22
orb,5,max 1 trade a day,734,0,2.35,41.14,0.207,152.14,1.36,-19.58,3.6,318.64,-18.35
vwap_sigma,1,15m bars,3383,6,10.81,21.73,-0.08,-269.45,0.9,-380.11,-1.85,-86.07,-94.21
vwap_sigma,1,longs only,2995,6,9.57,23.17,-0.007,-20.58,0.99,-164.61,-0.14,-35.79,-78.14
vwap_sigma,1,shorts only,2879,7,9.2,22.3,-0.097,-278.58,0.88,-338.52,-2.31,-79.74,-89.91
vwap_sigma,1,entries until 10:30,1160,2,3.71,20.52,-0.005,-5.67,0.99,-97.12,-0.06,-8.94,-36.73
vwap_sigma,1,entries until 11:00,2035,3,6.5,21.23,-0.038,-76.58,0.95,-190.8,-0.72,-33.04,-68.62
vwap_sigma,1,entries until 12:00,3166,4,10.12,21.42,-0.041,-130.28,0.95,-258.83,-1,-51.49,-84.32
vwap_sigma,1,entries until 14:00,4444,7,14.2,21.67,-0.04,-176.18,0.95,-277.05,-1.12,-55.95,-87.23
vwap_sigma,1,entries from 10:00,5862,13,18.73,22.76,-0.05,-292.26,0.94,-389.45,-1.52,-86.41,-96.21
vwap_sigma,1,with daily trend,2896,8,9.26,23.65,-0.027,-77.6,0.97,-186.17,-0.61,4.16,-74.99
vwap_sigma,1,VWAP side,0,0,0,0,0,0,0,0,0,0,0
vwap_sigma,1,with opening gap,3137,7,10.03,23.33,0.025,79.22,1.03,-148.8,0.51,24.53,-76.23
vwap_sigma,1,room ≥ 2 ATR to prior-day level,5452,13,17.42,22.71,-0.061,-333.95,0.92,-409.93,-1.81,-88.75,-96.36
vwap_sigma,1,room ≥ 5 ATR to prior-day level,4382,11,14,23.19,-0.06,-263.45,0.92,-310.51,-1.58,-85.3,-93.05
vwap_sigma,1,stop 1×ATR,5053,0,16.15,31.66,-0.033,-165.79,0.95,-272.25,-1.47,-87.26,-94.49
vwap_sigma,1,stop 1.5×ATR,4040,0,12.91,41.29,-0.042,-168.17,0.93,-232.87,-2.16,-85.09,-91.43
vwap_sigma,1,stop 2×ATR,3490,0,11.15,48.8,-0.031,-108.26,0.93,-145.58,-1.8,-71.69,-79.55
vwap_sigma,1,stop 3×ATR,2914,0,9.31,56.97,-0.026,-76.51,0.92,-103.92,-1.86,-57.24,-67.2
vwap_sigma,1,target 1R,6366,13,20.34,42.95,-0.189,-1200.47,0.68,-1206.4,-14.87,-99.57,-99.61
vwap_sigma,1,target 1.5R,6173,13,19.73,35.9,-0.168,-1038.44,0.75,-1042.62,-11.03,-99.13,-99.22
vwap_sigma,1,target 2R,6069,13,19.4,31.09,-0.155,-943.43,0.78,-946.29,-8.92,-98.77,-99.07
vwap_sigma,1,target 3R,5953,13,19.03,25.48,-0.137,-813.98,0.82,-827.48,-6.5,-98.23,-99.01
vwap_sigma,1,break-even at 1R,6086,13,19.45,17.6,-0.023,-137.88,0.96,-270.26,-0.78,-47.65,-85.18
vwap_sigma,1,max 1 trade a day,1376,2,4.4,22.53,-0.005,-6.7,0.99,-114.49,-0.07,-0.12,-49.42
vwap_sigma,2,15m bars,1743,4,5.57,21.8,-0.061,-105.84,0.93,-163.33,-0.93,-38.28,-70.39
vwap_sigma,2,longs only,1758,3,5.62,23.55,0.065,114.8,1.08,-93.69,0.91,47.78,-57.09
vwap_sigma,2,shorts only,1379,4,4.41,23.06,-0.026,-35.58,0.97,-118.74,-0.4,-15.73,-64.55
vwap_sigma,2,entries until 10:30,604,1,1.93,22.02,0.12,72.6,1.14,-70.8,1.03,49.85,-28.04
vwap_sigma,2,entries until 11:00,1074,2,3.43,22.63,0.056,60.25,1.07,-66.79,0.72,54.9,-31.84
vwap_sigma,2,entries until 12:00,1696,3,5.42,22.23,0.014,24.23,1.02,-111.85,0.24,11.59,-63.81
vwap_sigma,2,entries until 14:00,2406,4,7.69,22.57,0.015,36.26,1.02,-134.81,0.3,62.96,-65.34
vwap_sigma,2,entries from 10:00,3137,7,10.03,23.33,0.025,79.22,1.03,-148.8,0.51,24.53,-76.23
vwap_sigma,2,with daily trend,1583,4,5.06,24.32,0.037,57.89,1.05,-143.59,0.6,95.52,-63.87
vwap_sigma,2,VWAP side,0,0,0,0,0,0,0,0,0,0,0
vwap_sigma,2,room ≥ 2 ATR to prior-day level,2752,7,8.8,23.33,0.016,43.94,1.02,-137,0.3,7.01,-69.39
vwap_sigma,2,room ≥ 5 ATR to prior-day level,1933,5,6.18,24.47,0.056,108.25,1.07,-103.67,0.83,52.93,-59.2
vwap_sigma,2,stop 1×ATR,2676,0,8.55,32.92,0.018,47.36,1.03,-103.09,0.56,13.33,-64.02
vwap_sigma,2,stop 1.5×ATR,2152,0,6.88,42.94,-0.002,-4.91,1,-77.8,-0.09,-17.08,-55.98
vwap_sigma,2,stop 2×ATR,1837,0,5.87,51.33,0.015,28.44,1.03,-47.89,0.64,20.9,-39.12
vwap_sigma,2,stop 3×ATR,1541,0,4.92,60.03,0.012,17.78,1.04,-34.48,0.59,14.18,-30.48
vwap_sigma,2,target 1R,3412,7,10.9,43.32,-0.178,-607.18,0.7,-612.07,-10.41,-92.21,-93.02
vwap_sigma,2,target 1.5R,3303,7,10.56,36.27,-0.152,-503.16,0.77,-510.72,-7.34,-88.13,-90.03
vwap_sigma,2,target 2R,3248,7,10.38,31.9,-0.123,-398.18,0.83,-407.22,-5.12,-76.99,-85
vwap_sigma,2,target 3R,3186,7,10.18,26.21,-0.096,-304.44,0.87,-317.56,-3.28,-68.54,-82.85
vwap_sigma,2,break-even at 1R,3267,7,10.44,17.91,0.049,161.27,1.08,-108,1.1,113.07,-64.03
vwap_sigma,2,max 1 trade a day,937,1,2.99,23.16,0.04,37.32,1.05,-87.87,0.47,10.36,-40.91
vwap_sigma,3,15m bars,1760,4,5.62,17.78,-0.05,-88.81,0.93,-131.74,-0.81,-23.44,-58.56
vwap_sigma,3,longs only,1827,3,5.84,18.01,0.07,128.56,1.11,-93.12,1.07,66.78,-47.06
vwap_sigma,3,shorts only,1440,4,4.6,17.78,0.023,32.71,1.04,-78.85,0.4,27.76,-44.81
vwap_sigma,3,entries until 10:30,607,1,1.94,17.46,0.146,88.45,1.22,-47.39,1.32,74.85,-21.51
vwap_sigma,3,entries until 11:00,1081,2,3.45,17.21,0.078,84.83,1.12,-49.49,1.08,98.13,-28.35
vwap_sigma,3,entries until 12:00,1719,3,5.49,16.46,0.034,58.65,1.05,-89.02,0.62,55.29,-48.91
vwap_sigma,3,entries until 14:00,2473,4,7.9,17.1,0.048,119.29,1.08,-90.8,1.06,190.84,-49.26
vwap_sigma,3,entries from 10:00,3267,7,10.44,17.91,0.049,161.27,1.08,-108,1.1,113.07,-64.03
vwap_sigma,3,with daily trend,1647,4,5.26,18.21,0.03,50.21,1.05,-113.55,0.56,74.78,-52.71
vwap_sigma,3,VWAP side,0,0,0,0,0,0,0,0,0,0,0
vwap_sigma,3,room ≥ 2 ATR to prior-day level,2868,7,9.17,18.13,0.054,155.71,1.09,-96.33,1.12,124.46,-53.84
vwap_sigma,3,room ≥ 5 ATR to prior-day level,2017,5,6.45,18.69,0.082,165,1.14,-95.05,1.32,95.71,-46.62
vwap_sigma,3,stop 1×ATR,2888,0,9.23,25.45,0.028,79.87,1.05,-93.45,1.03,62.13,-61.7
vwap_sigma,3,stop 1.5×ATR,2249,0,7.19,37.75,0.013,29.36,1.03,-63.38,0.53,16.18,-49.01
vwap_sigma,3,stop 2×ATR,1878,0,6,48.35,0.02,37.24,1.05,-44.3,0.86,32.41,-36.84
vwap_sigma,3,stop 3×ATR,1548,0,4.95,59.3,0.013,20.48,1.04,-33.13,0.69,17.39,-29.46
vwap_sigma,3,target 1R,3412,7,10.9,43.32,-0.178,-607.18,0.7,-612.07,-10.41,-92.21,-93.02
vwap_sigma,3,target 1.5R,3354,7,10.72,31.57,-0.154,-515.3,0.74,-519.36,-7.93,-89,-89.79
vwap_sigma,3,target 2R,3330,7,10.64,26.46,-0.115,-382.32,0.81,-388.18,-5.31,-73.32,-78.54
vwap_sigma,3,target 3R,3307,7,10.57,20.44,-0.078,-259.2,0.87,-264.51,-3.09,-50.78,-74.62
vwap_sigma,3,max 1 trade a day,937,1,2.99,18.36,0.085,79.83,1.13,-57.87,1.06,60.67,-33.25
vwap_sigma,4,15m bars,712,2,2.28,18.68,-0.049,-34.74,0.93,-78.82,-0.45,-9.63,-31.88
vwap_sigma,4,longs only,1081,2,3.45,19.7,0.176,190.13,1.3,-77.69,1.75,117.37,-37.17
vwap_sigma,4,shorts only,936,3,2.99,17.52,-0.027,-25.13,0.95,-102.16,-0.41,-9.97,-44.91
vwap_sigma,4,entries until 10:30,289,1,0.92,19.38,0.217,62.77,1.35,-39.54,1.38,70.3,-15.04
vwap_sigma,4,entries until 11:00,533,2,1.7,18.57,0.136,72.44,1.22,-50.22,1.31,92.86,-18.17
vwap_sigma,4,entries until 12:00,898,2,2.87,16.82,0.069,61.84,1.11,-64.95,0.88,56.88,-31.24
vwap_sigma,4,entries until 14:00,1421,3,4.54,17.66,0.08,114.03,1.13,-79.33,1.29,154.57,-36.91
vwap_sigma,4,entries from 10:00,2017,5,6.45,18.69,0.082,165,1.14,-95.05,1.32,95.71,-46.62
vwap_sigma,4,with daily trend,931,2,2.98,19.23,0.08,74.09,1.13,-72.2,1.01,69.78,-35.27
vwap_sigma,4,VWAP side,0,0,0,0,0,0,0,0,0,0,0
vwap_sigma,4,stop 1×ATR,1851,0,5.92,23.23,0.008,15.54,1.02,-71.1,0.25,-6.28,-50.17
vwap_sigma,4,stop 1.5×ATR,1436,0,4.59,35.24,0.008,11.63,1.02,-46.46,0.25,2.86,-39.5
vwap_sigma,4,stop 2×ATR,1228,0,3.92,45.44,0.02,24.69,1.05,-32.13,0.68,20.13,-27.98
vwap_sigma,4,stop 3×ATR,1034,0,3.3,56.87,0.017,17.17,1.05,-19.27,0.68,15.01,-18.81
vwap_sigma,4,target 1R,2117,5,6.77,43.98,-0.164,-346.83,0.72,-353.39,-7.57,-78,-81.24
vwap_sigma,4,target 1.5R,2080,5,6.65,32.55,-0.134,-278.66,0.77,-287.29,-5.45,-68.09,-71.53
vwap_sigma,4,target 2R,2064,5,6.6,27.37,-0.095,-197,0.84,-204.63,-3.47,-45.66,-57.25
vwap_sigma,4,target 3R,2046,5,6.54,21.41,-0.059,-121.28,0.9,-145.41,-1.84,-18.6,-61.73
vwap_sigma,4,max 1 trade a day,699,1,2.23,20.6,0.163,114.23,1.27,-54.34,1.76,121.58,-22.34
vwap_sigma,5,15m bars,400,1,1.28,17,-0.266,-106.22,0.65,-117.51,-2.92,-31.27,-39.68
vwap_sigma,5,longs only,373,0,1.19,21.18,0.196,73.29,1.31,-40.14,1.43,58.28,-17.81
vwap_sigma,5,shorts only,326,1,1.04,19.94,0.126,40.95,1.22,-24.59,1.02,39.99,-14.42
vwap_sigma,5,entries until 10:30,212,0,0.68,20.75,0.324,68.64,1.5,-26.67,1.58,64.09,-10.44
vwap_sigma,5,entries until 11:00,317,0,1.01,22.08,0.35,111.02,1.55,-25.93,2.15,115.02,-10.82
vwap_sigma,5,entries until 12:00,440,0,1.41,20.23,0.268,118.08,1.42,-32.57,2,103.16,-17.12
vwap_sigma,5,entries until 14:00,578,0,1.85,19.72,0.206,119.2,1.33,-41.07,1.91,121.74,-17.74
vwap_sigma,5,entries from 10:00,699,1,2.23,20.6,0.163,114.23,1.27,-54.34,1.76,121.58,-22.34
vwap_sigma,5,with daily trend,330,0,1.05,21.21,0.171,56.3,1.28,-36.75,1.28,65.69,-15.52
vwap_sigma,5,VWAP side,0,0,0,0,0,0,0,0,0,0,0
vwap_sigma,5,stop 1×ATR,713,0,2.28,28.61,0.07,49.95,1.14,-26.67,1.3,51.9,-25.05
vwap_sigma,5,stop 1.5×ATR,713,0,2.28,40.53,0.031,22.06,1.07,-31.44,0.72,20.95,-26.58
vwap_sigma,5,stop 2×ATR,713,0,2.28,50.07,0.016,11.13,1.04,-25.5,0.42,8.16,-23.28
vwap_sigma,5,stop 3×ATR,713,0,2.28,59.75,0.016,11.46,1.05,-23.7,0.56,9.8,-21.79
vwap_sigma,5,target 1R,699,1,2.23,43.49,-0.181,-126.37,0.7,-128.05,-4.74,-31.4,-33.19
vwap_sigma,5,target 1.5R,699,1,2.23,32.33,-0.14,-97.85,0.77,-99.7,-3.24,-18.23,-25.11
vwap_sigma,5,target 2R,699,1,2.23,28.47,-0.067,-47.09,0.89,-51.85,-1.37,18.24,-19.85
vwap_sigma,5,target 3R,699,1,2.23,22.03,-0.012,-8.69,0.98,-37.78,-0.21,43.47,-23.23
supertrend,1,15m bars,1082,0,3.46,53.05,0.043,46.83,1.17,-22.33,2.07,55.67,-21.27
supertrend,1,longs only,1496,0,4.78,47.26,0.021,31.24,1.06,-26.66,0.96,29.65,-25.1
supertrend,1,shorts only,1483,0,4.74,42.62,0.044,64.78,1.12,-16.29,1.6,76.15,-15.65
supertrend,1,entries until 10:30,986,0,3.15,43.81,0.056,55.3,1.14,-13.5,1.65,64.41,-13.92
supertrend,1,entries until 11:00,1161,0,3.71,44.01,0.051,58.98,1.13,-14.56,1.67,69.58,-14.28
supertrend,1,entries until 12:00,1445,0,4.62,43.25,0.034,48.85,1.09,-16.49,1.29,51.81,-16.54
supertrend,1,entries until 14:00,2056,0,6.57,43.63,0.044,90.59,1.12,-24.57,1.96,122.6,-22.89
supertrend,1,entries from 10:00,2274,0,7.27,45.65,0.028,64.22,1.09,-22.43,1.5,73.54,-21.34
supertrend,1,with daily trend,1436,0,4.59,47.42,0.052,74.22,1.16,-11.57,2.21,98.61,-12.85
supertrend,1,VWAP side,2322,0,7.42,46.43,0.054,124.9,1.16,-16.84,2.73,214.08,-16.21
supertrend,1,with opening gap,1540,0,4.92,45.58,0.04,62.33,1.11,-26.34,1.64,73.65,-24.77
supertrend,1,room ≥ 2 ATR to prior-day level,2530,0,8.09,44.78,0.03,74.67,1.09,-18.58,1.55,87.92,-19.11
supertrend,1,room ≥ 5 ATR to prior-day level,1859,0,5.94,45.56,0.042,78.29,1.13,-15.6,1.86,100.38,-15.72
supertrend,1,stop 1×ATR,2979,0,9.52,25.21,0.046,137.89,1.06,-126.3,1.07,87.76,-73.16
supertrend,1,stop 1.5×ATR,2979,0,9.52,33.3,0.048,142.26,1.08,-59.88,1.42,163.67,-47.92
supertrend,1,stop 2×ATR,2979,0,9.52,38.34,0.033,98.6,1.06,-38.46,1.22,96.11,-35.5
supertrend,1,stop 3×ATR,2979,0,9.52,44.18,0.036,107.63,1.09,-25,1.83,147.21,-24.43
supertrend,1,target 1R,2979,0,9.52,47.63,0.013,37.38,1.04,-36.36,0.9,33.05,-31.93
supertrend,1,target 1.5R,2979,0,9.52,45.35,0.025,75.44,1.07,-29.34,1.64,91.21,-27.12
supertrend,1,target 2R,2979,0,9.52,44.98,0.023,69.78,1.07,-37.97,1.46,79.27,-33.21
supertrend,1,target 3R,2979,0,9.52,44.98,0.03,90.68,1.09,-36.49,1.82,118.69,-32.08
supertrend,1,break-even at 1R,2979,0,9.52,43.81,0.033,98.51,1.1,-28.75,1.92,134.89,-26.29
supertrend,1,max 1 trade a day,1359,0,4.34,43.19,0.034,46.49,1.09,-23.41,1.21,47.9,-22.73
supertrend,2,15m bars,976,0,3.12,54.1,0.063,61.04,1.27,-17.78,2.92,80.13,-17.1
supertrend,2,longs only,1200,0,3.84,48.42,0.034,40.55,1.11,-16.24,1.43,44.13,-16.49
supertrend,2,shorts only,1122,0,3.59,44.3,0.075,84.35,1.22,-14.07,2.35,117.91,-13.9
supertrend,2,entries until 10:30,761,0,2.43,46.52,0.1,76.13,1.28,-8.72,2.7,105.79,-9.2
supertrend,2,entries until 11:00,936,0,2.99,46.26,0.085,79.81,1.25,-11.41,2.64,112.27,-12.68
supertrend,2,entries until 12:00,1214,0,3.88,44.65,0.051,61.58,1.15,-11.35,1.87,75.42,-11.89
supertrend,2,entries until 14:00,1707,0,5.46,45.34,0.07,118.67,1.2,-16.94,2.89,201.3,-16.87
supertrend,2,entries from 10:00,1842,0,5.89,46.42,0.039,72.26,1.12,-20.83,1.84,90.66,-20.02
supertrend,2,with daily trend,1159,0,3.7,48.49,0.072,83.1,1.23,-13.06,2.79,119.63,-13.14
supertrend,2,with opening gap,1101,0,3.52,48.23,0.078,85.81,1.24,-15.77,2.75,124.75,-15.69
supertrend,2,room ≥ 2 ATR to prior-day level,1953,0,6.24,46.03,0.046,90.63,1.14,-16.69,2.14,126.29,-16.12
supertrend,2,room ≥ 5 ATR to prior-day level,1405,0,4.49,47.05,0.068,95.9,1.21,-14.81,2.6,143.77,-14.68
supertrend,2,stop 1×ATR,2322,0,7.42,26.61,0.115,267.46,1.16,-49.26,2.26,555.76,-44.24
supertrend,2,stop 1.5×ATR,2322,0,7.42,34.37,0.085,197.1,1.14,-41.51,2.18,379.89,-36.97
supertrend,2,stop 2×ATR,2322,0,7.42,39.36,0.059,136.85,1.11,-28.72,1.87,200.91,-26.36
supertrend,2,stop 3×ATR,2322,0,7.42,45.39,0.057,131.42,1.15,-21.19,2.48,223.62,-19.99
supertrend,2,target 1R,2322,0,7.42,48.62,0.031,72.21,1.1,-19.35,1.99,92.29,-18.99
supertrend,2,target 1.5R,2322,0,7.42,46.81,0.049,113.31,1.15,-19.57,2.81,185.98,-19.27
supertrend,2,target 2R,2322,0,7.42,46.47,0.048,111.05,1.14,-24.64,2.64,177.78,-23.28
supertrend,2,target 3R,2322,0,7.42,46.47,0.05,116.55,1.15,-24.41,2.68,191.74,-23.08
supertrend,2,break-even at 1R,2322,0,7.42,45.39,0.053,124.06,1.17,-20.83,2.75,212.28,-19.65
supertrend,2,max 1 trade a day,1246,0,3.98,45.1,0.052,65.2,1.15,-17.64,1.87,80.59,-17.51
supertrend,3,longs only,480,0,1.53,58.75,0.061,29.34,1.28,-9.14,2.24,32.94,-9.62
supertrend,3,shorts only,496,0,1.59,49.6,0.064,31.7,1.25,-13.63,1.95,35.5,-13.49
supertrend,3,entries until 10:30,400,0,1.28,56.5,0.084,33.6,1.31,-11.05,2.24,38.36,-11.1
supertrend,3,entries until 11:00,482,0,1.54,55.39,0.08,38.57,1.3,-14.64,2.35,45.09,-14.04
supertrend,3,entries until 12:00,604,0,1.93,55.46,0.084,50.84,1.33,-12.64,2.85,63.63,-12.28
supertrend,3,entries until 14:00,776,0,2.48,54.9,0.078,60.4,1.32,-14.89,3.09,79.45,-14.01
supertrend,3,entries from 10:00,736,0,2.35,54.35,0.065,47.96,1.3,-8.76,2.79,59.15,-9.05
supertrend,3,with daily trend,422,0,1.35,58.29,0.101,42.76,1.47,-9.91,3.15,51.92,-9.8
supertrend,3,with opening gap,526,0,1.68,57.22,0.067,35.45,1.28,-7.02,2.27,40.81,-7.75
supertrend,3,room ≥ 2 ATR to prior-day level,636,0,2.03,53.62,0.059,37.71,1.26,-12.33,2.25,43.77,-12.03
supertrend,3,room ≥ 5 ATR to prior-day level,352,0,1.12,53.13,0.046,16.05,1.18,-11.07,1.26,16.45,-10.67
supertrend,3,stop 1×ATR,976,0,3.12,34.94,0.121,118.55,1.19,-26.89,2.11,181.33,-24.93
supertrend,3,stop 1.5×ATR,976,0,3.12,43.24,0.084,81.65,1.17,-24.86,1.94,107.27,-22.64
supertrend,3,stop 2×ATR,976,0,3.12,48.98,0.08,78.28,1.2,-22.18,2.29,106.43,-20.33
supertrend,3,stop 3×ATR,976,0,3.12,53.59,0.075,72.99,1.27,-16.09,2.98,101.34,-15.67
supertrend,3,target 1R,976,0,3.12,55.02,0.053,51.71,1.23,-19.26,2.71,64.67,-18.39
supertrend,3,target 1.5R,976,0,3.12,54.1,0.062,60.63,1.27,-19.52,2.97,79.56,-18.77
supertrend,3,target 2R,976,0,3.12,54.1,0.068,66.41,1.29,-18.72,3.15,89.99,-18.03
supertrend,3,target 3R,976,0,3.12,54.1,0.066,63.95,1.28,-17.78,3.02,85.33,-17.1
supertrend,3,break-even at 1R,976,0,3.12,53.69,0.064,62.76,1.28,-16.78,3.01,83.27,-16.27
supertrend,3,max 1 trade a day,808,0,2.58,54.21,0.063,51.12,1.26,-12.93,2.62,63.58,-13.18
supertrend,4,longs only,480,0,1.53,58.75,0.061,29.29,1.28,-9.14,2.23,32.87,-9.62
supertrend,4,shorts only,496,0,1.59,49.6,0.075,37.12,1.3,-15.01,2.25,42.99,-14.65
supertrend,4,entries until 10:30,400,0,1.28,56.5,0.092,36.64,1.34,-11.05,2.41,42.57,-11.1
supertrend,4,entries until 11:00,482,0,1.54,55.39,0.086,41.26,1.32,-14.64,2.5,49.01,-14.04
supertrend,4,entries until 12:00,604,0,1.93,55.46,0.089,53.98,1.35,-12.64,3,68.79,-12.28
supertrend,4,entries until 14:00,776,0,2.48,54.9,0.085,66.19,1.35,-14.89,3.35,90.07,-14.3
supertrend,4,entries from 10:00,736,0,2.35,54.35,0.068,50.07,1.32,-8.76,2.92,62.56,-9.05
supertrend,4,with daily trend,422,0,1.35,58.29,0.099,41.81,1.46,-9.91,3.12,50.52,-9.8
supertrend,4,with opening gap,526,0,1.68,57.22,0.078,41.05,1.32,-7.02,2.56,48.82,-7.75
supertrend,4,room ≥ 2 ATR to prior-day level,636,0,2.03,53.62,0.06,38.42,1.26,-12.69,2.31,44.81,-12.4
supertrend,4,room ≥ 5 ATR to prior-day level,352,0,1.12,53.13,0.047,16.48,1.19,-11.07,1.3,16.98,-10.67
supertrend,4,stop 1×ATR,976,0,3.12,39.14,0.051,50.07,1.09,-36.28,1.2,51.69,-31.03
supertrend,4,stop 1.5×ATR,976,0,3.12,44.67,0.063,61.24,1.13,-31.3,1.67,72.57,-28.5
supertrend,4,stop 2×ATR,976,0,3.12,49.59,0.074,71.89,1.18,-23.52,2.26,95.11,-21.79
supertrend,4,stop 3×ATR,976,0,3.12,53.59,0.081,78.57,1.29,-17.38,3.22,112.92,-17.21
supertrend,4,break-even at 1R,976,0,3.12,53.89,0.07,68.41,1.3,-17.72,3.26,93.85,-17.04
supertrend,4,max 1 trade a day,808,0,2.58,54.21,0.068,54.98,1.28,-14.31,2.81,69.98,-14.34
supertrend,5,longs only,377,0,1.2,62.07,0.095,35.72,1.44,-4.89,2.94,41.86,-5.71
supertrend,5,shorts only,399,0,1.28,48.12,0.076,30.48,1.28,-17.2,1.95,33.98,-16.47
supertrend,5,entries from 10:00,536,0,1.71,55.6,0.093,49.85,1.42,-8.3,3.21,62.63,-8.59
supertrend,5,with daily trend,325,0,1.04,61.85,0.145,47.19,1.68,-7.68,3.84,59.04,-7.46
supertrend,5,with opening gap,455,0,1.45,57.36,0.085,38.75,1.34,-8.82,2.5,45.55,-9.2
supertrend,5,room ≥ 2 ATR to prior-day level,487,0,1.56,55.24,0.09,43.85,1.38,-9.29,2.83,53.18,-9.09
supertrend,5,room ≥ 5 ATR to prior-day level,270,0,0.86,55.56,0.077,20.91,1.3,-9.65,1.78,22.4,-9.55
supertrend,5,stop 1×ATR,776,0,2.48,38.14,0.063,48.54,1.1,-35.94,1.26,50.77,-31.35
supertrend,5,stop 1.5×ATR,776,0,2.48,43.94,0.084,64.96,1.16,-26.59,1.89,80.5,-24.06
supertrend,5,stop 2×ATR,776,0,2.48,49.36,0.09,69.55,1.21,-19.2,2.32,91.65,-18.18
supertrend,5,stop 3×ATR,776,0,2.48,54.25,0.098,75.67,1.34,-16.11,3.3,107.53,-15.22
supertrend,5,break-even at 1R,776,0,2.48,54.77,0.088,67.91,1.36,-14.89,3.44,93.38,-14.01
supertrend,5,max 1 trade a day,692,0,2.21,54.48,0.078,54.21,1.31,-14.08,2.9,68.97,-14.43
volume_spike,1,15m bars,52,0,0.17,38.46,0.122,6.36,1.22,-17.28,0.43,-1.51,-17.21
volume_spike,1,longs only,70,0,0.22,42.86,0.445,31.13,1.87,-6.59,1.9,34.16,-7.91
volume_spike,1,shorts only,79,0,0.25,31.65,-0.01,-0.81,0.98,-18.21,-0.04,0.54,-14.77
volume_spike,1,entries until 10:30,75,0,0.24,36,0.476,35.71,1.75,-8.17,1.67,39.86,-10.01
volume_spike,1,entries until 11:00,76,0,0.24,36.84,0.488,37.06,1.78,-8.17,1.73,41.75,-10.01
volume_spike,1,entries until 12:00,82,0,0.26,34.15,0.377,30.93,1.58,-9.19,1.43,34.3,-10.93
volume_spike,1,entries until 14:00,97,0,0.31,32.99,0.278,27,1.43,-8.93,1.21,31.48,-10.69
volume_spike,1,entries from 10:00,86,0,0.27,37.21,-0.07,-5.98,0.88,-12.13,-0.44,-4.28,-13.27
volume_spike,1,with daily trend,68,0,0.22,47.06,0.736,50.07,2.56,-6.36,2.58,60.55,-7.91
volume_spike,1,VWAP side,144,0,0.46,35.42,0.185,26.57,1.3,-13.23,1.09,29.71,-13.79
volume_spike,1,with opening gap,94,0,0.3,40.43,0.417,39.15,1.76,-9.25,1.82,46.45,-9.48
volume_spike,1,room ≥ 2 ATR to prior-day level,142,0,0.45,35.92,0.18,25.54,1.29,-14.5,1.06,27.89,-13.19
volume_spike,1,room ≥ 5 ATR to prior-day level,122,0,0.39,36.07,0.22,26.86,1.35,-11.57,1.15,29.71,-12.35
volume_spike,1,stop 1×ATR,155,0,0.5,27.74,0.402,62.3,1.55,-15.01,1.7,61.35,-14.45
volume_spike,1,stop 1.5×ATR,148,0,0.47,34.46,0.255,37.74,1.4,-15.02,1.43,37.11,-15.32
volume_spike,1,stop 2×ATR,146,0,0.47,39.04,0.164,23.89,1.28,-11.78,1.12,23.98,-12.62
volume_spike,1,stop 3×ATR,143,0,0.46,44.06,0.032,4.64,1.07,-8.98,0.3,3.54,-9.8
volume_spike,1,target 1R,188,0,0.6,53.19,0.039,7.24,1.09,-10.73,0.55,6.85,-10.55
volume_spike,1,target 1.5R,171,0,0.55,48.54,0.131,22.35,1.27,-7.88,1.47,23.08,-7.33
volume_spike,1,target 2R,163,0,0.52,46.01,0.215,35.01,1.43,-6.73,2.05,36.87,-7.44
volume_spike,1,target 3R,157,0,0.5,41.4,0.221,34.76,1.4,-12.46,1.74,35,-11.31
volume_spike,1,break-even at 1R,151,0,0.48,27.15,0.153,23.04,1.34,-9.74,1.07,24.81,-11.27
volume_spike,1,max 1 trade a day,137,0,0.44,37.23,0.248,34,1.41,-10.62,1.39,38.51,-12.2
volume_spike,2,15m bars,54,0,0.17,42.59,0.124,6.7,1.24,-8.95,0.7,4.5,-8.87
volume_spike,2,longs only,77,0,0.25,50.65,0.339,26.12,1.79,-6.36,2.26,27.19,-6.17
volume_spike,2,shorts only,86,0,0.27,41.86,0.103,8.89,1.18,-12.27,0.71,7.61,-10.21
volume_spike,2,entries until 10:30,81,0,0.26,46.91,0.375,30.34,1.73,-5.17,2.3,32.26,-6.3
volume_spike,2,entries until 11:00,83,0,0.27,48.19,0.413,34.32,1.83,-5.17,2.56,37.58,-6.3
volume_spike,2,entries until 12:00,89,0,0.28,44.94,0.317,28.18,1.59,-6.19,2.04,30.35,-6.76
volume_spike,2,entries until 14:00,104,0,0.33,45.19,0.329,34.22,1.63,-7.84,2.31,36.3,-7.43
volume_spike,2,entries from 10:00,93,0,0.3,47.31,0.147,13.63,1.31,-11.55,1.15,13.04,-10.48
volume_spike,2,with daily trend,76,0,0.24,56.58,0.515,39.12,2.38,-6.36,3.38,44.24,-5.61
volume_spike,2,VWAP side,157,0,0.5,45.22,0.216,33.9,1.43,-7.5,2.01,34.66,-7.27
volume_spike,2,with opening gap,104,0,0.33,50.96,0.371,38.56,1.84,-8.51,2.79,44.03,-7.8
volume_spike,2,room ≥ 2 ATR to prior-day level,154,0,0.49,44.81,0.182,28.03,1.35,-11.05,1.69,29,-12.09
volume_spike,2,room ≥ 5 ATR to prior-day level,131,0,0.42,46.56,0.223,29.22,1.44,-9.14,1.9,30.29,-10.42
volume_spike,2,stop 1×ATR,184,0,0.59,42.39,0.2,36.74,1.34,-9.44,1.88,34.52,-8.31
volume_spike,2,stop 1.5×ATR,166,0,0.53,43.37,0.21,34.88,1.38,-8.28,1.92,36.31,-8.28
volume_spike,2,stop 2×ATR,156,0,0.5,42.95,0.13,20.21,1.24,-7.37,1.21,20.41,-8.5
volume_spike,2,stop 3×ATR,150,0,0.48,46,0.034,5.17,1.07,-9.14,0.38,4.32,-8.93
volume_spike,2,break-even at 1R,164,0,0.52,39.02,0.154,25.23,1.34,-7.73,1.59,25.18,-7.76
volume_spike,2,max 1 trade a day,137,0,0.44,46.72,0.243,33.32,1.48,-5.59,2.09,32.96,-6.2
sweep_reclaim,1,15m bars,738,0,2.36,37.4,-0.027,-20.12,0.94,-48.61,-0.58,-22.12,-41.71
sweep_reclaim,1,longs only,443,0,1.42,36.57,0.078,34.56,1.14,-36.72,0.82,31.51,-33.53
sweep_reclaim,1,shorts only,521,0,1.67,30.71,0.054,27.91,1.09,-21.81,0.61,14.09,-21.76
sweep_reclaim,1,entries until 10:30,435,0,1.39,33.56,0.124,54.07,1.21,-19.7,1.22,59.09,-19.98
sweep_reclaim,1,entries until 11:00,537,0,1.72,32.4,0.11,58.97,1.18,-26.54,1.21,64.91,-26.06
sweep_reclaim,1,entries until 12:00,662,0,2.12,32.93,0.109,72.43,1.19,-29.52,1.36,86.58,-28.11
sweep_reclaim,1,entries until 14:00,794,0,2.54,33.63,0.114,90.67,1.2,-30.16,1.5,95.31,-31.09
sweep_reclaim,1,entries from 10:00,692,0,2.21,34.83,0.079,54.44,1.15,-22.89,1.07,44.04,-21.9
sweep_reclaim,1,with daily trend,399,0,1.28,36.34,0.151,60.32,1.28,-18.28,1.43,51.39,-19.25
sweep_reclaim,1,VWAP side,533,0,1.7,38.27,0.017,8.98,1.04,-28.88,0.29,4.7,-27.47
sweep_reclaim,1,with opening gap,313,0,1,29.39,-0.011,-3.33,0.98,-43.09,-0.1,-3.03,-36.21
sweep_reclaim,1,room ≥ 2 ATR to prior-day level,899,0,2.87,33.7,0.093,83.74,1.17,-27.58,1.35,82.54,-27.18
sweep_reclaim,1,room ≥ 5 ATR to prior-day level,743,0,2.37,32.57,0.068,50.52,1.12,-26.02,0.87,36.15,-25.36
sweep_reclaim,1,stop 1×ATR,921,0,2.94,18.13,-0.04,-36.56,0.95,-73,-0.48,-47.46,-58.69
sweep_reclaim,1,stop 1.5×ATR,906,0,2.9,26.6,0.02,18.08,1.03,-33.62,0.3,0.31,-31.72
sweep_reclaim,1,stop 2×ATR,898,0,2.87,32.85,0.034,30.75,1.06,-32.95,0.61,20.08,-30.45
sweep_reclaim,1,stop 3×ATR,897,0,2.87,39.46,-0.007,-6.66,0.98,-36.85,-0.18,-12.45,-33.53
sweep_reclaim,1,target 1R,958,0,3.06,51.36,0.036,34.25,1.09,-21.81,1.22,38.16,-21.77
sweep_reclaim,1,target 1.5R,950,0,3.04,41.89,-0.015,-14.24,0.97,-44.91,-0.43,-16.06,-39.92
sweep_reclaim,1,target 2R,944,0,3.02,37.92,-0.022,-20.84,0.96,-61.02,-0.58,-21.56,-49.06
sweep_reclaim,1,target 3R,929,0,2.97,35.2,-0.01,-9.59,0.98,-49.1,-0.23,-15.57,-43.79
sweep_reclaim,1,break-even at 1R,905,0,2.89,26.3,0.066,59.54,1.16,-32.68,1.19,48.89,-35.63
sweep_reclaim,1,max 1 trade a day,891,0,2.85,33.78,0.094,83.55,1.17,-27.91,1.36,82.47,-30.92
sweep_reclaim,2,15m bars,635,0,2.03,37.01,-0.03,-18.9,0.94,-47.74,-0.58,-21.17,-40.91
sweep_reclaim,2,longs only,378,0,1.21,37.57,0.148,55.96,1.27,-28.31,1.34,62.25,-27.45
sweep_reclaim,2,shorts only,457,0,1.46,30.63,0.068,31.09,1.12,-18.49,0.7,16.72,-19.52
sweep_reclaim,2,entries from 10:00,582,0,1.86,35.05,0.115,67.14,1.21,-22.45,1.36,62.79,-20.37
sweep_reclaim,2,with daily trend,345,0,1.1,37.68,0.224,77.19,1.4,-15.73,1.85,77.8,-16.36
sweep_reclaim,2,VWAP side,491,0,1.57,37.68,0.011,5.29,1.02,-30.7,0.18,1.1,-27.81
sweep_reclaim,2,with opening gap,255,0,0.81,30.59,0.031,8.01,1.05,-39.06,0.25,7.29,-32.7
sweep_reclaim,2,room ≥ 2 ATR to prior-day level,793,0,2.53,33.67,0.12,95.23,1.21,-30.16,1.57,104.23,-27.29
sweep_reclaim,2,room ≥ 5 ATR to prior-day level,638,0,2.04,32.6,0.103,65.69,1.17,-23.84,1.16,56.9,-24.82
sweep_reclaim,2,stop 1×ATR,805,0,2.57,17.52,-0.034,-27.2,0.96,-55.02,-0.38,-41.23,-52.05
sweep_reclaim,2,stop 1.5×ATR,797,0,2.55,26.22,0.015,11.64,1.02,-39.28,0.21,-3.68,-33.7
sweep_reclaim,2,stop 2×ATR,792,0,2.53,32.83,0.036,28.28,1.06,-26.93,0.6,19.21,-26.09
sweep_reclaim,2,stop 3×ATR,791,0,2.53,39.82,-0.006,-4.57,0.99,-29.47,-0.13,-9.83,-28.4
sweep_reclaim,2,target 1R,831,0,2.66,52.59,0.053,43.86,1.13,-15.35,1.65,51.21,-15.01
sweep_reclaim,2,target 1.5R,826,0,2.64,42.86,0.007,6.03,1.01,-28.67,0.19,2.25,-26.72
sweep_reclaim,2,target 2R,820,0,2.62,38.54,-0.001,-1.12,1,-40.27,-0.03,-4.87,-36.23
sweep_reclaim,2,target 3R,812,0,2.6,35.47,0.01,8.44,1.02,-34.46,0.21,0.74,-32.68
sweep_reclaim,2,break-even at 1R,799,0,2.55,25.91,0.088,70.27,1.21,-28.74,1.43,65.1,-28.52
sweep_reclaim,2,max 1 trade a day,791,0,2.53,33.75,0.118,93.71,1.21,-30.16,1.55,101.36,-30.39
sweep_reclaim,3,15m bars,262,0,0.84,41.22,-0.027,-7.08,0.94,-33.99,-0.38,-8.28,-31.03
sweep_reclaim,3,longs only,230,0,0.74,41.74,0.176,40.48,1.34,-13.92,1.49,45.53,-16.95
sweep_reclaim,3,shorts only,115,0,0.37,29.57,0.319,36.71,1.52,-17.11,1.15,22.18,-17.75
sweep_reclaim,3,entries from 10:00,259,0,0.83,39,0.243,62.92,1.45,-16.26,1.64,56.04,-15.97
sweep_reclaim,3,VWAP side,183,0,0.58,42.62,0.129,23.58,1.27,-12.89,1.19,24.18,-14.26
sweep_reclaim,3,with opening gap,98,0,0.31,36.73,0.174,17.07,1.29,-10.08,0.86,16.41,-10.47
sweep_reclaim,3,room ≥ 2 ATR to prior-day level,343,0,1.1,37.61,0.225,77.1,1.4,-14.73,1.84,77.65,-16.36
sweep_reclaim,3,room ≥ 5 ATR to prior-day level,256,0,0.82,37.89,0.244,62.43,1.43,-22.73,1.62,55.4,-21.58
sweep_reclaim,3,stop 1×ATR,345,0,1.1,22.03,0.141,48.74,1.18,-33.64,1.02,46.19,-30.72
sweep_reclaim,3,stop 1.5×ATR,345,0,1.1,33.04,0.157,54.04,1.24,-21.41,1.49,60.97,-21.08
sweep_reclaim,3,stop 2×ATR,345,0,1.1,38.84,0.134,46.11,1.23,-22.06,1.51,51.51,-21.49
sweep_reclaim,3,stop 3×ATR,345,0,1.1,44.64,0.056,19.43,1.12,-21.25,0.87,18.48,-20.84
sweep_reclaim,3,target 1R,345,0,1.1,54.78,0.076,26.05,1.19,-21.89,1.51,28.13,-20.09
sweep_reclaim,3,target 1.5R,345,0,1.1,45.8,0.043,14.73,1.09,-28.9,0.72,13.75,-25.59
sweep_reclaim,3,target 2R,345,0,1.1,41.74,0.043,14.7,1.08,-34.22,0.65,12.84,-30.12
sweep_reclaim,3,target 3R,345,0,1.1,38.26,0.045,15.6,1.08,-27,0.6,12.34,-26
sweep_reclaim,3,break-even at 1R,345,0,1.1,28.7,0.209,71.94,1.51,-16.08,1.86,70.58,-16.1
sweep_reclaim,3,max 1 trade a day,345,0,1.1,37.68,0.224,77.19,1.4,-15.73,1.85,77.8,-16.36
candle2,1,15m bars,2187,0,6.99,44.17,-0.052,-114.3,0.9,-122.82,-1.94,-67.09,-71.43
candle2,1,longs only,1359,0,4.34,49.82,-0.007,-9.27,0.98,-47.41,-0.22,-12.22,-34.87
candle2,1,shorts only,1304,0,4.17,39.65,-0.079,-103.64,0.86,-110.85,-2.12,-60,-62.46
candle2,1,entries until 10:30,0,0,0,0,0,0,0,0,0,0,0
candle2,1,entries until 11:00,0,0,0,0,0,0,0,0,0,0,0
candle2,1,entries until 12:00,504,0,1.61,39.09,-0.096,-48.49,0.83,-63.92,-1.69,-34.43,-47.15
candle2,1,entries until 14:00,1397,0,4.46,42.16,-0.062,-86.64,0.89,-114.15,-1.72,-56.51,-68.5
candle2,1,entries from 10:00,2187,0,6.99,44.4,-0.048,-105.23,0.91,-113.75,-1.78,-63.97,-69.5
candle2,1,with daily trend,1308,0,4.18,49.69,-0.002,-2.66,1,-38.46,-0.06,-5.24,-29.68
candle2,1,VWAP side,940,0,3,56.49,-0.014,-13.04,0.96,-36.68,-0.46,-10.59,-27.87
candle2,1,with opening gap,1321,0,4.22,46.1,-0.032,-42.63,0.93,-53.65,-0.96,-37.28,-41.75
candle2,1,room ≥ 2 ATR to prior-day level,2063,0,6.59,43.87,-0.053,-108.71,0.9,-122.89,-1.88,-64.46,-73.32
candle2,1,room ≥ 5 ATR to prior-day level,1804,0,5.77,43.46,-0.049,-89.17,0.91,-104.81,-1.62,-56,-67.63
candle2,1,stop 1×ATR,2508,0,8.02,33.41,-0.068,-169.45,0.9,-180.27,-2.28,-84.29,-85.27
candle2,1,stop 1.5×ATR,2269,0,7.25,42,-0.051,-114.84,0.91,-128.23,-2.03,-72.48,-75.1
candle2,1,stop 2×ATR,2072,0,6.62,48.65,-0.03,-62.87,0.93,-81.53,-1.38,-51.72,-59.14
candle2,1,stop 3×ATR,1833,0,5.86,52.81,-0.041,-74.84,0.89,-79.49,-2.24,-55.12,-57.09
candle2,1,target 1R,2238,0,7.15,49.96,-0.019,-43.55,0.96,-80.54,-0.99,-31.35,-55.1
candle2,1,target 1.5R,2108,0,6.74,43.5,-0.015,-31.83,0.97,-63.02,-0.64,-28.14,-47.55
candle2,1,target 2R,2032,0,6.49,39.91,-0.014,-27.46,0.98,-69.98,-0.5,-19.25,-50.31
candle2,1,target 3R,1958,0,6.26,36.72,-0.01,-19.64,0.98,-75,-0.32,-17.68,-54.61
candle2,1,break-even at 1R,2270,0,7.25,40.97,-0.033,-75.51,0.92,-105.62,-1.42,-45.87,-64.15
candle2,1,max 1 trade a day,1373,0,4.39,43.26,-0.069,-95.29,0.87,-99.6,-2.11,-54.73,-58.92
candle2,2,15m bars,1308,0,4.18,49.31,-0.007,-9.72,0.98,-40.95,-0.23,-11.72,-29.39
candle2,2,longs only,909,0,2.91,52.04,0.028,25.57,1.07,-17.59,0.74,23.97,-17.94
candle2,2,shorts only,399,0,1.28,44.36,-0.071,-28.23,0.87,-34.22,-1.19,-23.57,-29.33
candle2,2,entries until 10:30,0,0,0,0,0,0,0,0,0,0,0
candle2,2,entries until 11:00,0,0,0,0,0,0,0,0,0,0,0
candle2,2,entries until 12:00,245,0,0.78,42.45,-0.073,-17.82,0.87,-32.52,-0.91,-16.26,-28.82
candle2,2,entries until 14:00,822,0,2.63,47.57,-0.014,-11.8,0.97,-44.6,-0.34,-11.65,-32.62
candle2,2,entries from 10:00,1308,0,4.18,49.69,-0.002,-2.66,1,-38.46,-0.06,-5.24,-29.68
candle2,2,VWAP side,553,0,1.77,62.03,0.038,20.85,1.12,-19.28,1.01,23.4,-14.95
candle2,2,with opening gap,653,0,2.09,50.84,-0.012,-8.16,0.97,-38.81,-0.28,-9.91,-29.21
candle2,2,room ≥ 2 ATR to prior-day level,1164,0,3.72,49.14,-0.003,-3.2,0.99,-39.13,-0.08,-5.92,-31.18
candle2,2,room ≥ 5 ATR to prior-day level,961,0,3.07,49.12,0.008,7.56,1.02,-39.87,0.2,6.37,-31.43
candle2,2,stop 1×ATR,1359,0,4.34,36.06,-0.043,-58.96,0.93,-94.92,-1.11,-50.81,-63.05
candle2,2,stop 1.5×ATR,1305,0,4.17,45.52,-0.018,-23.14,0.97,-40.71,-0.56,-27.91,-37.85
candle2,2,stop 2×ATR,1235,0,3.95,53.36,0.018,22.4,1.04,-27.7,0.66,18.46,-25.89
candle2,2,stop 3×ATR,1145,0,3.66,58.69,0.014,15.69,1.04,-15.91,0.63,14.24,-14.64
candle2,2,target 1R,1309,0,4.18,52.1,0.017,21.7,1.04,-25.55,0.66,28.45,-23.56
candle2,2,target 1.5R,1293,0,4.13,47.18,0.046,60.04,1.1,-21.64,1.55,74.6,-16.87
candle2,2,target 2R,1277,0,4.08,44.24,0.056,71.28,1.11,-19.51,1.67,95.61,-19.92
candle2,2,target 3R,1265,0,4.04,41.26,0.039,49.02,1.07,-32.99,1.05,53.67,-31.4
candle2,2,break-even at 1R,1320,0,4.22,46.29,0.015,19.28,1.04,-28.18,0.5,23.02,-23.62
candle2,2,max 1 trade a day,998,0,3.19,49.2,-0.011,-10.5,0.98,-34.92,-0.28,-10.64,-25.75
candle2,3,15m bars,1277,0,4.08,44.01,0.049,62.35,1.1,-19.51,1.47,82.78,-19.81
candle2,3,longs only,883,0,2.82,45.98,0.09,79.47,1.19,-21.69,2.27,117.82,-21.09
candle2,3,shorts only,394,0,1.26,40.36,-0.021,-8.19,0.96,-19.9,-0.34,-10.19,-18.56
candle2,3,entries until 10:30,0,0,0,0,0,0,0,0,0,0,0
candle2,3,entries until 11:00,0,0,0,0,0,0,0,0,0,0,0
candle2,3,entries until 12:00,245,0,0.78,37.55,-0.091,-22.26,0.84,-39.01,-1.2,-19.56,-32.97
candle2,3,entries until 14:00,817,0,2.61,42.47,0.061,50.13,1.11,-24.89,1.39,60.98,-22.02
candle2,3,entries from 10:00,1277,0,4.08,44.24,0.056,71.28,1.11,-19.51,1.67,95.61,-19.92
candle2,3,VWAP side,528,0,1.69,48.67,0.106,56.22,1.25,-11.75,2.2,75.91,-11.58
candle2,3,with opening gap,640,0,2.05,45.16,0.031,19.98,1.06,-24.58,0.69,21.97,-21.22
candle2,3,room ≥ 2 ATR to prior-day level,1145,0,3.66,44.28,0.06,68.13,1.12,-22.37,1.68,87.56,-21.99
candle2,3,room ≥ 5 ATR to prior-day level,954,0,3.05,44.44,0.069,66,1.14,-24.1,1.77,84.45,-23.55
candle2,3,stop 1×ATR,1376,0,4.4,34.74,-0.02,-27.11,0.97,-53.48,-0.53,-36,-46.15
candle2,3,stop 1.5×ATR,1305,0,4.17,39.77,0.029,37.88,1.05,-34.48,0.81,30.21,-31.12
candle2,3,stop 2×ATR,1212,0,3.87,44.88,0.064,77.19,1.13,-28.97,1.87,101.83,-26.62
candle2,3,stop 3×ATR,1096,0,3.5,49.82,0.054,59.03,1.14,-17.96,1.87,73.09,-17.04
candle2,3,break-even at 1R,1294,0,4.14,37.94,0.041,53.67,1.1,-26.7,1.35,70.04,-25.42
candle2,3,max 1 trade a day,998,0,3.19,43.89,0.053,53.29,1.1,-22.61,1.39,68.99,-19.18
candle2,4,15m bars,883,0,2.82,45.75,0.083,73.47,1.18,-21.69,2.1,107.09,-21.03
candle2,4,entries until 10:30,0,0,0,0,0,0,0,0,0,0,0
candle2,4,entries until 11:00,0,0,0,0,0,0,0,0,0,0,0
candle2,4,entries until 12:00,169,0,0.54,42.01,-0.009,-1.53,0.98,-20.77,-0.1,-0.52,-18.62
candle2,4,entries until 14:00,562,0,1.8,45.02,0.11,61.83,1.22,-23.98,2.09,85.24,-21.59
candle2,4,entries from 10:00,883,0,2.82,45.98,0.09,79.47,1.19,-21.69,2.27,117.82,-21.09
candle2,4,VWAP side,396,0,1.27,48.48,0.121,47.94,1.29,-16.48,2.15,63.83,-15.69
candle2,4,with opening gap,473,0,1.51,46.51,0.055,25.92,1.12,-14.31,1.04,30.51,-13.23
candle2,4,room ≥ 2 ATR to prior-day level,783,0,2.5,46.23,0.102,80.05,1.22,-23.34,2.41,116.23,-22.53
candle2,4,room ≥ 5 ATR to prior-day level,646,0,2.06,46.59,0.126,81.62,1.27,-17.08,2.67,122.57,-16.95
candle2,4,stop 1×ATR,959,0,3.06,36.81,0.04,38.75,1.06,-28.54,0.89,28.86,-28.3
candle2,4,stop 1.5×ATR,907,0,2.9,41.46,0.061,55.65,1.11,-26.4,1.43,60.49,-24.07
candle2,4,stop 2×ATR,847,0,2.71,46.28,0.086,72.6,1.18,-17.6,2.12,98.1,-16.98
candle2,4,stop 3×ATR,763,0,2.44,51.38,0.085,64.55,1.24,-13.32,2.47,85.81,-12.92
candle2,4,break-even at 1R,893,0,2.85,39.08,0.058,51.41,1.14,-26.27,1.57,68.34,-24.85
candle2,4,max 1 trade a day,690,0,2.21,45.8,0.094,65.08,1.19,-18.97,2.06,90.86,-16.27
candle2,5,15m bars,436,0,1.39,44.04,0.055,23.82,1.11,-20.4,0.98,32.79,-18.63
candle2,5,entries until 10:30,0,0,0,0,0,0,0,0,0,0,0
candle2,5,entries until 11:00,0,0,0,0,0,0,0,0,0,0,0
candle2,5,entries until 12:00,99,0,0.32,42.42,0.038,3.78,1.07,-13.06,0.31,4.86,-12.3
candle2,5,entries until 14:00,380,0,1.21,46.84,0.193,73.24,1.39,-13.83,2.9,99.38,-15.07
candle2,5,entries from 10:00,646,0,2.06,46.59,0.126,81.62,1.27,-17.08,2.67,122.57,-16.95
candle2,5,VWAP side,287,0,0.92,48.78,0.114,32.75,1.27,-18.34,1.73,40.17,-17.16
candle2,5,with opening gap,326,0,1.04,48.47,0.101,32.82,1.22,-11.87,1.56,44.33,-8.96
candle2,5,stop 1×ATR,684,0,2.19,37.43,0.058,39.89,1.09,-25.91,1.09,37.71,-23.11
candle2,5,stop 1.5×ATR,648,0,2.07,41.67,0.078,50.52,1.14,-25.3,1.52,56.47,-23.52
candle2,5,stop 2×ATR,610,0,1.95,46.07,0.1,60.92,1.21,-18.82,2.07,79.39,-18.19
candle2,5,stop 3×ATR,566,0,1.81,51.24,0.086,48.6,1.24,-16.27,2.14,59.74,-15.54
candle2,5,break-even at 1R,650,0,2.08,39.69,0.085,55.57,1.2,-20.34,1.95,74.3,-20.21
candle2,5,max 1 trade a day,520,0,1.66,46.92,0.135,69.99,1.28,-11.56,2.52,98.96,-11.31
orb5_zarattini,1,15m bars,1495,0,4.78,31.1,0.089,133.28,1.13,-53.07,1.7,200.78,-43.39
orb5_zarattini,1,longs only,787,0,2.52,25.29,0.159,124.91,1.21,-23.33,1.9,208.47,-22.72
orb5_zarattini,1,shorts only,708,0,2.26,21.61,0.097,68.64,1.12,-34.5,1.02,54.95,-32.29
orb5_zarattini,1,entries until 10:30,1495,0,4.78,23.55,0.129,193.55,1.17,-36,2.06,377.98,-32.35
orb5_zarattini,1,entries until 11:00,1495,0,4.78,23.55,0.129,193.55,1.17,-36,2.06,377.98,-32.35
orb5_zarattini,1,entries until 12:00,1495,0,4.78,23.55,0.129,193.55,1.17,-36,2.06,377.98,-32.35
orb5_zarattini,1,entries until 14:00,1495,0,4.78,23.55,0.129,193.55,1.17,-36,2.06,377.98,-32.35
orb5_zarattini,1,entries from 10:00,0,0,0,0,0,0,0,0,0,0,0
orb5_zarattini,1,with daily trend,762,0,2.44,25.2,0.179,136.11,1.24,-37.51,2.04,241.04,-33.5
orb5_zarattini,1,VWAP side,1306,0,4.17,25.34,0.157,204.82,1.21,-31.01,2.41,448.66,-29.59
orb5_zarattini,1,with opening gap,710,0,2.27,24.51,0.154,109.62,1.2,-27.14,1.71,174.91,-23.98
orb5_zarattini,1,room ≥ 2 ATR to prior-day level,1298,0,4.15,23.27,0.118,152.76,1.15,-53.07,1.75,240.82,-42.89
orb5_zarattini,1,room ≥ 5 ATR to prior-day level,935,0,2.99,24.17,0.199,185.96,1.26,-36.25,2.4,361.46,-33.75
orb5_zarattini,1,stop 1×ATR,1495,0,4.78,19.13,0.198,295.77,1.24,-48.63,2.65,994.33,-39.81
orb5_zarattini,1,stop 1.5×ATR,1495,0,4.78,25.89,0.137,205.38,1.18,-35.87,2.38,445.24,-30.65
orb5_zarattini,1,stop 2×ATR,1495,0,4.78,31.1,0.076,113.47,1.11,-32.74,1.6,143.24,-28.59
orb5_zarattini,1,stop 3×ATR,1495,0,4.78,39.73,0.045,67.75,1.08,-26.71,1.25,70.45,-27.69
orb5_zarattini,1,target 1R,1495,0,4.78,49.77,-0.018,-27.48,0.96,-37.42,-0.71,-15.96,-29.09
orb5_zarattini,1,target 1.5R,1495,0,4.78,41,0.005,7.08,1.01,-50.66,0.15,11.07,-40.83
orb5_zarattini,1,target 2R,1495,0,4.78,35.72,0.038,57.34,1.06,-39.14,1.05,72.91,-33.06
orb5_zarattini,1,target 3R,1495,0,4.78,29.23,0.058,86.41,1.08,-42.92,1.31,109.81,-36.29
orb5_zarattini,1,break-even at 1R,1495,0,4.78,15.25,0.134,200.64,1.26,-41.81,2.47,464.5,-33.99
orb5_zarattini,1,max 1 trade a day,1495,0,4.78,23.55,0.129,193.55,1.17,-36,2.06,377.98,-32.35
orb5_zarattini,2,15m bars,1495,0,4.78,27.36,0.107,160.16,1.15,-36.55,2.04,260.88,-34.32
orb5_zarattini,2,longs only,787,0,2.52,19.82,0.209,164.73,1.26,-38.12,2.09,285.61,-33.4
orb5_zarattini,2,shorts only,708,0,2.26,18.36,0.185,131.04,1.22,-38.53,1.66,183.79,-33.43
orb5_zarattini,2,entries until 10:30,1495,0,4.78,19.13,0.198,295.77,1.24,-48.63,2.65,994.33,-39.81
orb5_zarattini,2,entries until 11:00,1495,0,4.78,19.13,0.198,295.77,1.24,-48.63,2.65,994.33,-39.81
orb5_zarattini,2,entries until 12:00,1495,0,4.78,19.13,0.198,295.77,1.24,-48.63,2.65,994.33,-39.81
orb5_zarattini,2,entries until 14:00,1495,0,4.78,19.13,0.198,295.77,1.24,-48.63,2.65,994.33,-39.81
orb5_zarattini,2,entries from 10:00,0,0,0,0,0,0,0,0,0,0,0
orb5_zarattini,2,with daily trend,762,0,2.44,20.6,0.26,198.32,1.32,-28.14,2.49,436.18,-27.98
orb5_zarattini,2,VWAP side,1306,0,4.17,18.68,0.195,254.03,1.24,-42.64,2.4,661.71,-36.62
orb5_zarattini,2,with opening gap,710,0,2.27,21.41,0.277,196.43,1.35,-24.87,2.58,400.03,-24.56
orb5_zarattini,2,room ≥ 2 ATR to prior-day level,1298,0,4.15,19.26,0.214,278.14,1.26,-55.86,2.64,842.67,-45.62
orb5_zarattini,2,room ≥ 5 ATR to prior-day level,935,0,2.99,20.96,0.325,304.08,1.41,-55.4,3.26,1183.54,-44.68
orb5_zarattini,2,target 1R,1495,0,4.78,50.84,0.001,0.93,1,-45.53,0.02,-4.48,-36.75
orb5_zarattini,2,target 1.5R,1495,0,4.78,41.47,0.021,30.93,1.03,-36.39,0.65,22,-32.65
orb5_zarattini,2,target 2R,1495,0,4.78,35.65,0.051,75.83,1.08,-31.17,1.37,83.27,-27.86
orb5_zarattini,2,target 3R,1495,0,4.78,27.83,0.079,118.14,1.11,-47.41,1.72,154.43,-40.94
orb5_zarattini,2,break-even at 1R,1495,0,4.78,12.11,0.204,304.37,1.4,-45.6,3.22,1234.02,-37.65
orb5_zarattini,2,max 1 trade a day,1495,0,4.78,19.13,0.198,295.77,1.24,-48.63,2.65,994.33,-39.81
orb5_zarattini,3,15m bars,681,0,2.18,29.22,0.174,118.7,1.25,-25.05,2.19,180.78,-26.02
orb5_zarattini,3,longs only,451,0,1.44,21.73,0.324,145.96,1.41,-43.89,2.33,234.7,-37.2
orb5_zarattini,3,shorts only,484,0,1.55,20.25,0.327,158.12,1.41,-30.22,2.28,283.49,-24.06
orb5_zarattini,3,entries until 10:30,935,0,2.99,20.96,0.325,304.08,1.41,-55.4,3.26,1183.54,-44.68
orb5_zarattini,3,entries until 11:00,935,0,2.99,20.96,0.325,304.08,1.41,-55.4,3.26,1183.54,-44.68
orb5_zarattini,3,entries until 12:00,935,0,2.99,20.96,0.325,304.08,1.41,-55.4,3.26,1183.54,-44.68
orb5_zarattini,3,entries until 14:00,935,0,2.99,20.96,0.325,304.08,1.41,-55.4,3.26,1183.54,-44.68
orb5_zarattini,3,entries from 10:00,0,0,0,0,0,0,0,0,0,0,0
orb5_zarattini,3,with daily trend,438,0,1.4,22.6,0.389,170.59,1.5,-28.31,2.69,325.87,-26.75
orb5_zarattini,3,VWAP side,817,0,2.61,19.58,0.268,219.35,1.33,-47.65,2.51,483.84,-40.11
orb5_zarattini,3,with opening gap,446,0,1.43,23.77,0.403,179.73,1.52,-23.6,2.87,343.09,-21.82
orb5_zarattini,3,target 1R,935,0,2.99,52.41,0.032,30.11,1.07,-36.45,0.99,29.95,-31.41
orb5_zarattini,3,target 1.5R,935,0,2.99,42.78,0.054,50.11,1.09,-41.3,1.32,52.81,-34.37
orb5_zarattini,3,target 2R,935,0,2.99,36.58,0.077,72.02,1.12,-44.7,1.63,86.69,-36.67
orb5_zarattini,3,target 3R,935,0,2.99,29.52,0.146,136.12,1.2,-60,2.47,231.72,-46.69
orb5_zarattini,3,break-even at 1R,935,0,2.99,13.37,0.29,271.42,1.59,-48.18,3.45,921.38,-40.16
orb5_zarattini,3,max 1 trade a day,935,0,2.99,20.96,0.325,304.08,1.41,-55.4,3.26,1183.54,-44.68
orb5_zarattini,4,15m bars,681,0,2.18,20.85,0.173,117.51,1.34,-18.99,2.45,186.32,-20.55
orb5_zarattini,4,longs only,451,0,1.44,13.53,0.294,132.44,1.61,-36.39,2.46,205.16,-32.17
orb5_zarattini,4,shorts only,484,0,1.55,13.22,0.287,138.98,1.57,-25.4,2.43,234.7,-24.13
orb5_zarattini,4,entries until 10:30,935,0,2.99,13.37,0.29,271.42,1.59,-48.18,3.45,921.38,-40.16
orb5_zarattini,4,entries until 11:00,935,0,2.99,13.37,0.29,271.42,1.59,-48.18,3.45,921.38,-40.16
orb5_zarattini,4,entries until 12:00,935,0,2.99,13.37,0.29,271.42,1.59,-48.18,3.45,921.38,-40.16
orb5_zarattini,4,entries until 14:00,935,0,2.99,13.37,0.29,271.42,1.59,-48.18,3.45,921.38,-40.16
orb5_zarattini,4,entries from 10:00,0,0,0,0,0,0,0,0,0,0,0
orb5_zarattini,4,with daily trend,438,0,1.4,13.93,0.336,147.03,1.69,-21,2.68,251.17,-21.52
orb5_zarattini,4,VWAP side,817,0,2.61,12.48,0.26,212.34,1.52,-44.83,2.89,488.53,-37.43
orb5_zarattini,4,with opening gap,446,0,1.43,15.25,0.317,141.45,1.65,-33.82,2.65,216.7,-30.01
orb5_zarattini,4,target 1R,935,0,2.99,52.41,0.032,30.11,1.07,-36.45,0.99,29.95,-31.41
orb5_zarattini,4,target 1.5R,935,0,2.99,36.68,0.052,48.51,1.11,-37.7,1.39,51.99,-31.85
orb5_zarattini,4,target 2R,935,0,2.99,28.77,0.076,71.42,1.15,-39.2,1.83,91.78,-32.92
orb5_zarattini,4,target 3R,935,0,2.99,21.18,0.133,124.48,1.27,-39.2,2.66,203.61,-33.04
orb5_zarattini,4,max 1 trade a day,935,0,2.99,13.37,0.29,271.42,1.59,-48.18,3.45,921.38,-40.16
intraday_momentum,1,15m bars,1497,0,4.78,49.03,-0.021,-31.74,0.9,-48.54,-1.58,-28.64,-39.32
intraday_momentum,1,longs only,843,0,2.69,46.26,-0.033,-28.06,0.92,-49.62,-1.05,-28.17,-40.78
intraday_momentum,1,shorts only,654,0,2.09,46.48,-0.028,-18.13,0.93,-37.56,-0.78,-18.5,-33.23
intraday_momentum,1,entries until 10:30,0,0,0,0,0,0,0,0,0,0,0
intraday_momentum,1,entries until 11:00,0,0,0,0,0,0,0,0,0,0,0
intraday_momentum,1,entries until 12:00,0,0,0,0,0,0,0,0,0,0,0
intraday_momentum,1,entries until 14:00,0,0,0,0,0,0,0,0,0,0,0
intraday_momentum,1,entries from 10:00,1497,0,4.78,46.36,-0.031,-46.19,0.92,-77.07,-1.3,-41.46,-55.5
intraday_momentum,1,with daily trend,771,0,2.46,50.06,0.025,19.34,1.07,-25.9,0.75,15.65,-24.19
intraday_momentum,1,VWAP side,834,0,2.67,47.96,-0.014,-11.6,0.96,-33.91,-0.42,-15.95,-30.8
intraday_momentum,1,with opening gap,1228,0,3.92,45.93,-0.033,-40.18,0.92,-64.96,-1.25,-37.23,-49.52
intraday_momentum,1,room ≥ 2 ATR to prior-day level,1364,0,4.36,45.82,-0.037,-50.87,0.91,-74.01,-1.5,-43.64,-54.24
intraday_momentum,1,room ≥ 5 ATR to prior-day level,1160,0,3.71,45.52,-0.05,-57.85,0.88,-71.87,-1.85,-47.12,-53.09
intraday_momentum,1,stop 1×ATR,1497,0,4.78,32.33,-0.104,-155.04,0.84,-195.6,-2.71,-78.98,-84.23
intraday_momentum,1,stop 1.5×ATR,1497,0,4.78,42.62,-0.031,-46.16,0.94,-98.12,-1.04,-44.26,-64.53
intraday_momentum,1,stop 2×ATR,1497,0,4.78,46.16,-0.034,-50.68,0.91,-82.38,-1.42,-44.52,-57.82
intraday_momentum,1,stop 3×ATR,1497,0,4.78,48.63,-0.026,-39.65,0.9,-60.71,-1.55,-35.01,-46.73
intraday_momentum,1,target 1R,1497,0,4.78,49.23,-0.028,-41.71,0.93,-52.94,-1.32,-37.37,-43.08
intraday_momentum,1,target 1.5R,1497,0,4.78,46.76,-0.043,-63.7,0.89,-85.1,-1.92,-50.08,-58.83
intraday_momentum,1,target 2R,1497,0,4.78,46.36,-0.037,-55.97,0.9,-85.66,-1.64,-46.43,-59.11
intraday_momentum,1,target 3R,1497,0,4.78,46.36,-0.03,-45.33,0.92,-78.09,-1.28,-40.83,-55.94
intraday_momentum,1,break-even at 1R,1497,0,4.78,44.49,-0.028,-41.92,0.93,-71.13,-1.19,-38.98,-52.75
intraday_momentum,1,max 1 trade a day,1497,0,4.78,46.36,-0.031,-46.19,0.92,-77.07,-1.3,-41.46,-55.5
intraday_momentum,2,15m bars,771,0,2.46,52.79,0.009,7.07,1.05,-17.27,0.5,6.25,-16.3
intraday_momentum,2,longs only,564,0,1.8,49.11,0.008,4.55,1.02,-18.18,0.21,0.67,-17.83
intraday_momentum,2,shorts only,207,0,0.66,52.66,0.071,14.8,1.2,-13.35,1.09,14.89,-13.03
intraday_momentum,2,entries until 10:30,0,0,0,0,0,0,0,0,0,0,0
intraday_momentum,2,entries until 11:00,0,0,0,0,0,0,0,0,0,0,0
intraday_momentum,2,entries until 12:00,0,0,0,0,0,0,0,0,0,0,0
intraday_momentum,2,entries until 14:00,0,0,0,0,0,0,0,0,0,0,0
intraday_momentum,2,entries from 10:00,771,0,2.46,50.06,0.025,19.34,1.07,-25.9,0.75,15.65,-24.19
intraday_momentum,2,VWAP side,461,0,1.47,52.06,0.038,17.54,1.1,-12.66,0.86,14.36,-12.9
intraday_momentum,2,with opening gap,633,0,2.02,48.66,0.01,6.06,1.03,-33.12,0.26,1.59,-29.39
intraday_momentum,2,room ≥ 2 ATR to prior-day level,699,0,2.23,49.21,0.013,8.79,1.03,-27.73,0.36,4.77,-25.41
intraday_momentum,2,room ≥ 5 ATR to prior-day level,590,0,1.89,48.47,-0.005,-2.95,0.99,-20.26,-0.13,-6.66,-20.09
intraday_momentum,2,stop 1×ATR,771,0,2.46,35.28,-0.022,-17.19,0.96,-81.11,-0.41,-22.48,-53.59
intraday_momentum,2,stop 1.5×ATR,771,0,2.46,46.17,0.038,29.08,1.08,-29.02,0.9,21.53,-27.58
intraday_momentum,2,stop 2×ATR,771,0,2.46,49.81,0.023,17.59,1.06,-28.48,0.68,12.78,-26.15
intraday_momentum,2,stop 3×ATR,771,0,2.46,52.27,0.015,11.8,1.06,-20.63,0.64,10.45,-19.34
intraday_momentum,2,target 1R,771,0,2.46,53.18,0.028,21.97,1.08,-12.43,0.97,21.25,-12.16
intraday_momentum,2,target 1.5R,771,0,2.46,50.58,0.012,9.15,1.03,-25.26,0.38,5.76,-23.68
intraday_momentum,2,target 2R,771,0,2.46,50.06,0.015,11.76,1.04,-26.65,0.48,8.04,-24.75
intraday_momentum,2,target 3R,771,0,2.46,50.06,0.023,17.77,1.06,-26.49,0.7,14.17,-24.62
intraday_momentum,2,break-even at 1R,771,0,2.46,48.12,0.03,22.83,1.08,-22.45,0.9,19.62,-21.52
intraday_momentum,2,max 1 trade a day,771,0,2.46,50.06,0.025,19.34,1.07,-25.9,0.75,15.65,-24.19
intraday_momentum,3,15m bars,207,0,0.66,56.52,0.034,7.13,1.17,-8.79,0.9,7.05,-8.49
intraday_momentum,3,entries until 10:30,0,0,0,0,0,0,0,0,0,0,0
intraday_momentum,3,entries until 11:00,0,0,0,0,0,0,0,0,0,0,0
intraday_momentum,3,entries until 12:00,0,0,0,0,0,0,0,0,0,0,0
intraday_momentum,3,entries until 14:00,0,0,0,0,0,0,0,0,0,0,0
intraday_momentum,3,entries from 10:00,207,0,0.66,52.66,0.071,14.8,1.2,-13.35,1.09,14.89,-13.03
intraday_momentum,3,VWAP side,108,0,0.35,57.41,0.085,9.19,1.25,-3.94,0.98,9.15,-4.37
intraday_momentum,3,with opening gap,170,0,0.54,51.18,0.048,8.09,1.13,-13.39,0.66,7.61,-13.14
intraday_momentum,3,room ≥ 2 ATR to prior-day level,181,0,0.58,50.28,0.04,7.23,1.11,-16.53,0.57,6.64,-15.74
intraday_momentum,3,room ≥ 5 ATR to prior-day level,164,0,0.52,48.78,0.013,2.05,1.03,-14.94,0.17,1.35,-14.55
intraday_momentum,3,stop 1×ATR,207,0,0.66,36.23,0.084,17.32,1.14,-29.32,0.76,15.85,-26.33
intraday_momentum,3,stop 1.5×ATR,207,0,0.66,46.86,0.096,19.83,1.21,-17.08,1.15,20.14,-16.68
intraday_momentum,3,stop 2×ATR,207,0,0.66,52.66,0.073,15.14,1.21,-13.22,1.11,15.28,-12.92
intraday_momentum,3,stop 3×ATR,207,0,0.66,56.04,0.054,11.12,1.22,-9.19,1.15,11.24,-8.88
intraday_momentum,3,target 1R,207,0,0.66,55.56,0.059,12.14,1.17,-6.81,1.02,12.11,-7.34
intraday_momentum,3,target 1.5R,207,0,0.66,52.66,0.036,7.49,1.1,-12.65,0.61,6.96,-12.42
intraday_momentum,3,target 2R,207,0,0.66,52.66,0.054,11.25,1.15,-13.35,0.87,10.98,-13.03
intraday_momentum,3,target 3R,207,0,0.66,52.66,0.071,14.74,1.2,-13.35,1.09,14.82,-13.03
intraday_momentum,3,break-even at 1R,207,0,0.66,51.21,0.069,14.38,1.2,-12.65,1.07,14.42,-12.41
intraday_momentum,3,max 1 trade a day,207,0,0.66,52.66,0.071,14.8,1.2,-13.35,1.09,14.89,-13.03
noise_area,1,15m bars,1992,10,6.37,25,0.169,336.47,1.24,-60.11,1.74,390.45,-42.93
noise_area,1,longs only,1099,5,3.51,28.57,0.225,247.45,1.35,-39.92,1.95,546.46,-24.81
noise_area,1,shorts only,922,4,2.95,22.78,0.109,100.83,1.16,-77.39,0.72,-4.21,-42.05
noise_area,1,entries until 10:30,621,2,1.98,29.79,0.601,373.49,2.02,-37.15,2.42,329.83,-28.32
noise_area,1,entries until 11:00,809,2,2.59,28.68,0.472,382.17,1.78,-54.44,2.41,375.07,-37.04
noise_area,1,entries until 12:00,1153,3,3.68,26.28,0.296,341.24,1.46,-68.97,1.99,297.83,-41.85
noise_area,1,entries until 14:00,1644,7,5.25,25.43,0.186,306.16,1.28,-45.75,1.7,455.56,-31.85
noise_area,1,entries from 10:00,2021,9,6.46,25.93,0.172,348.28,1.26,-65.13,1.84,519.23,-41.52
noise_area,1,with daily trend,1068,2,3.41,26.97,0.21,224,1.32,-58.45,1.88,384.2,-35.94
noise_area,1,VWAP side,2021,9,6.46,25.93,0.172,348.28,1.26,-65.13,1.84,519.23,-41.52
noise_area,1,with opening gap,1419,3,4.53,26.85,0.122,172.97,1.19,-48.67,1.36,321.46,-26.44
noise_area,1,room ≥ 2 ATR to prior-day level,1856,7,5.93,26.51,0.157,291.85,1.24,-84.21,1.61,318.73,-45.8
noise_area,1,room ≥ 5 ATR to prior-day level,1633,6,5.22,26.64,0.181,295.35,1.28,-84.58,1.66,237.88,-43.98
noise_area,1,stop 1×ATR,1588,0,5.08,30.54,0.208,330.73,1.32,-27.42,3.89,1627.55,-26.31
noise_area,1,stop 1.5×ATR,1373,0,4.39,37.14,0.178,244.09,1.35,-20.46,4.1,834.77,-19.55
noise_area,1,stop 2×ATR,1297,0,4.15,39.55,0.137,177.09,1.34,-16.94,3.89,426.43,-16.49
noise_area,1,stop 3×ATR,1252,0,4,40.97,0.09,112.4,1.32,-12.05,3.62,193.19,-11.91
noise_area,1,target 1R,2846,9,9.1,44.94,-0.087,-247.64,0.82,-254.31,-4.97,15.53,-30.47
noise_area,1,target 1.5R,2620,9,8.37,38.74,-0.052,-136.84,0.9,-148.23,-2.4,120.9,-23.32
noise_area,1,target 2R,2497,9,7.98,34.64,-0.023,-58.67,0.96,-78.9,-0.93,240.85,-22.88
noise_area,1,target 3R,2324,9,7.43,31.15,0.013,29.95,1.02,-60.01,0.41,381.18,-24.32
noise_area,1,break-even at 1R,2021,9,6.46,25.93,0.172,348.28,1.26,-65.13,1.84,519.23,-41.52
noise_area,1,max 1 trade a day,884,3,2.83,27.83,0.377,333.3,1.6,-44.79,2.09,321.49,-32.86
noise_area,2,15m bars,1267,0,4.05,40.73,0.105,132.95,1.32,-12.56,3.58,252.78,-13.68
noise_area,2,longs only,712,0,2.28,42.28,0.286,203.7,1.63,-14.3,4.84,577.65,-14.71
noise_area,2,shorts only,661,0,2.11,31.62,0.061,40.38,1.11,-22.21,0.96,37.94,-21.03
noise_area,2,entries until 10:30,561,0,1.79,35.65,0.18,101.2,1.35,-17.14,2.58,155.21,-17.43
noise_area,2,entries until 11:00,687,0,2.2,35.66,0.17,117.11,1.33,-17.93,2.73,189.01,-18.06
noise_area,2,entries until 12:00,889,0,2.84,35.55,0.157,139.81,1.31,-16.57,2.93,252.26,-17.37
noise_area,2,entries until 14:00,1157,0,3.7,35.26,0.167,193.2,1.32,-16.11,3.5,474.11,-16.23
noise_area,2,entries from 10:00,1373,0,4.39,37.14,0.178,244.09,1.35,-20.46,4.1,834.77,-19.55
noise_area,2,with daily trend,692,0,2.21,40.46,0.298,205.95,1.62,-13.46,4.65,584.74,-13.02
noise_area,2,VWAP side,1340,0,4.28,37.61,0.188,251.96,1.37,-21.35,4.28,914.98,-19.8
noise_area,2,with opening gap,934,0,2.98,38.65,0.22,205.58,1.45,-18.67,4.11,568.5,-18.26
noise_area,2,room ≥ 2 ATR to prior-day level,1284,0,4.1,37.15,0.186,238.59,1.37,-18.66,4.14,790.78,-19.26
noise_area,2,room ≥ 5 ATR to prior-day level,1157,0,3.7,36.99,0.176,203.65,1.34,-20.83,3.73,537.82,-20.04
noise_area,2,target 1R,3221,0,10.29,51.51,0.05,161.49,1.11,-21.26,2.99,338.6,-19.53
noise_area,2,target 1.5R,2525,0,8.07,42.97,0.06,151.63,1.12,-29.01,2.66,290.75,-25.5
noise_area,2,target 2R,2139,0,6.84,39.27,0.094,200.87,1.18,-22.59,3.39,521.69,-20.86
noise_area,2,target 3R,1724,0,5.51,37.3,0.14,241.36,1.27,-22.54,3.98,820.09,-20.6
noise_area,2,break-even at 1R,1567,0,5.01,28.4,0.157,246.58,1.38,-16.35,4.21,868.12,-17.07
noise_area,2,max 1 trade a day,890,0,2.84,36.18,0.192,170.82,1.38,-14.94,3.45,377.66,-15.36
noise_area,3,15m bars,659,0,2.11,46.59,0.163,107.34,1.57,-8.3,4.31,183.47,-8.93
noise_area,3,entries until 10:30,303,0,0.97,39.27,0.249,75.5,1.52,-15.22,2.65,104.52,-15.11
noise_area,3,entries until 11:00,364,0,1.16,39.84,0.26,94.77,1.55,-15.45,3.06,141.28,-15.38
noise_area,3,entries until 12:00,466,0,1.49,41.63,0.287,133.86,1.63,-16.29,3.88,249.92,-16.49
noise_area,3,entries until 14:00,604,0,1.93,40.89,0.284,171.34,1.61,-10.64,4.34,394.89,-13.76
noise_area,3,entries from 10:00,712,0,2.28,42.28,0.286,203.7,1.63,-14.3,4.84,577.65,-14.71
noise_area,3,with daily trend,443,0,1.42,42.44,0.315,139.74,1.68,-13.23,4.04,266.94,-12.68
noise_area,3,VWAP side,701,0,2.24,42.65,0.295,206.95,1.65,-11.27,4.96,600.98,-12.85
noise_area,3,with opening gap,516,0,1.65,44.38,0.321,165.89,1.73,-10.45,4.61,375.63,-12.24
noise_area,3,room ≥ 2 ATR to prior-day level,668,0,2.13,42.66,0.309,206.5,1.68,-13.3,5.01,598.03,-13.83
noise_area,3,room ≥ 5 ATR to prior-day level,606,0,1.94,42.74,0.312,189.16,1.67,-12.76,4.76,490.44,-13.32
noise_area,3,target 1R,1670,0,5.34,53.59,0.089,148.42,1.21,-18.3,3.85,311.8,-17.28
noise_area,3,target 1.5R,1279,0,4.09,45.35,0.104,132.5,1.22,-19.17,3.28,248.66,-18.06
noise_area,3,target 2R,1095,0,3.5,42.65,0.165,180.88,1.34,-14.67,4.28,453.27,-14.02
noise_area,3,target 3R,861,0,2.75,41,0.222,191.54,1.46,-14.38,4.48,510.21,-14.07
noise_area,3,break-even at 1R,778,0,2.49,34.19,0.258,200.34,1.67,-12.65,4.87,559.78,-13.5
noise_area,3,max 1 trade a day,472,0,1.51,41.1,0.293,138.5,1.64,-17.33,3.97,267.28,-18.59
noise_area,4,15m bars,588,0,1.88,47.45,0.183,107.59,1.65,-8.14,4.55,184.98,-8.16
noise_area,4,entries until 10:30,279,0,0.89,39.78,0.28,78.01,1.59,-11.57,2.82,110.2,-13.2
noise_area,4,entries until 11:00,334,0,1.07,40.42,0.289,96.64,1.63,-12.5,3.21,146.49,-12.25
noise_area,4,entries until 12:00,429,0,1.37,42.42,0.308,132.34,1.69,-13.58,3.99,246.11,-13.65
noise_area,4,entries until 14:00,562,0,1.8,41.81,0.316,177.74,1.7,-11.87,4.61,428.48,-12.66
noise_area,4,entries from 10:00,668,0,2.13,42.66,0.309,206.5,1.68,-13.3,5.01,598.03,-13.83
noise_area,4,with daily trend,420,0,1.34,43.1,0.333,139.92,1.73,-13.07,4.14,267.85,-12.65
noise_area,4,VWAP side,657,0,2.1,43.07,0.319,209.75,1.71,-11.77,5.14,622.07,-12.54
noise_area,4,with opening gap,484,0,1.55,45.45,0.355,171.94,1.81,-11.16,4.86,405.35,-11.67
noise_area,4,target 1R,1563,0,5,53.81,0.094,147.23,1.23,-16.91,3.95,308.18,-16.39
noise_area,4,target 1.5R,1204,0,3.85,45.76,0.116,139.87,1.25,-18.62,3.55,276.29,-17.59
noise_area,4,target 2R,1024,0,3.27,42.97,0.178,181.93,1.37,-14.46,4.43,460.99,-13.72
noise_area,4,target 3R,806,0,2.58,41.56,0.241,194.2,1.5,-14.11,4.68,528.75,-14.36
noise_area,4,break-even at 1R,740,0,2.36,33.92,0.268,198.48,1.71,-13.68,4.93,548.84,-14.19
noise_area,4,max 1 trade a day,453,0,1.45,42.38,0.325,147.33,1.72,-13.91,4.29,299.95,-15.76
noise_area,5,15m bars,583,0,1.86,47.34,0.181,105.63,1.64,-8.14,4.48,179.53,-8.16
noise_area,5,entries until 10:30,275,0,0.88,39.64,0.274,75.39,1.58,-11.38,2.76,104.95,-12.59
noise_area,5,entries until 11:00,329,0,1.05,40.43,0.29,95.57,1.63,-12.57,3.2,144.01,-13.12
noise_area,5,entries until 12:00,422,0,1.35,42.65,0.318,134.26,1.72,-12.65,4.08,253.09,-12.95
noise_area,5,entries until 14:00,554,0,1.77,42.06,0.325,179.94,1.72,-11.88,4.7,440.76,-12.18
noise_area,5,entries from 10:00,657,0,2.1,43.07,0.319,209.75,1.71,-11.77,5.14,622.07,-12.54
noise_area,5,with daily trend,414,0,1.32,43.72,0.341,141.06,1.75,-12.29,4.21,272.41,-12.01
noise_area,5,with opening gap,476,0,1.52,46.01,0.368,175,1.85,-11.16,4.98,421.41,-11.69
noise_area,5,target 1R,1520,0,4.86,54.01,0.099,150.7,1.24,-16.88,4.1,323.34,-16.36
noise_area,5,target 1.5R,1171,0,3.74,46.11,0.124,144.72,1.26,-20.11,3.74,295.74,-18.8
noise_area,5,target 2R,999,0,3.19,43.24,0.183,182.35,1.38,-16.44,4.49,464.52,-15.4
noise_area,5,target 3R,791,0,2.53,41.72,0.249,197.24,1.52,-14.11,4.78,549.31,-14.36
noise_area,5,break-even at 1R,721,0,2.3,34.4,0.282,203.48,1.76,-12.66,5.11,583.13,-13.31
noise_area,5,max 1 trade a day,451,0,1.44,42.35,0.329,148.26,1.73,-13.91,4.32,303.68,-15.76
