rank,strategy,levers,held_up_earlier,fading,recent_trades,recent_tradeDays,recent_winRate,recent_avgR,recent_t,worst_half,avgR_2024H1,avgR_2024H2,avgR_2025H1,avgR_2025H2,avgR_2026H1,avgR_2026H2,last12_avgR,before_last12_avgR,earlier_avgR,earlier_t,earlier_negative_halves,risk$,recent_pass,recent_fail,recent_pass_noEdge
1,volatility_breakout,with daily trend + target 1.5R,yes,no,354,51,51.13,0.125,2.15,0.055,0.124,0.226,0.088,0.055,0.134,0.112,0.1,0.138,0.115,2.84,1/10,500,39.45,60.09,16.02
2,volatility_breakout,15m bars + target 2R,yes,yes,617,90,47.33,0.11,2.43,0.037,0.111,0.271,0.037,0.071,0.091,0.058,0.047,0.146,0.111,3.29,1/10,300,65.79,32.82,24.96
3,opening_range_breakout,room ≥ 5 ATR to prior-day level + target 1R,no,yes,421,61,55.58,0.094,2.18,0.033,0.098,0.069,0.176,0.109,0.053,0.033,0.011,0.142,0.003,0.09,5/10,,,,
4,opening_range_breakout,room ≥ 5 ATR to prior-day level + target 1.5R,no,yes,421,61,51.07,0.112,2.24,0.029,0.135,0.112,0.222,0.06,0.077,0.029,0.007,0.172,0.009,0.23,5/10,,,,
5,noise_area_momentum,stop 2×ATR + target 3R,yes,yes,381,55,37.27,0.084,1.29,0.018,0.223,0.121,0.026,0.018,0.039,0.087,0.049,0.104,0.143,3.11,0/10,300,22.8,57.16,6.01
6,noise_area_momentum,stop 3×ATR + target 1R,yes,no,381,55,44.62,0.051,1.38,0.008,0.1,0.046,0.035,0.008,0.038,0.125,0.056,0.049,0.066,2.53,0/10,500,26.04,59.32,10.94
7,volatility_breakout,15m bars + target 1.5R,yes,yes,617,90,49.59,0.086,2.1,0.006,0.084,0.241,0.044,0.018,0.089,0.006,0.02,0.124,0.092,2.98,1/10,300,58.4,40.83,24.04
8,volatility_breakout,target 2R + break-even at 1R,yes,yes,637,92,37.99,0.079,1.79,0.003,0.045,0.254,0.013,0.104,0.003,0.038,0.005,0.121,0.104,3.16,1/10,250,47.3,38.37,16.64
9,vwap_sigma_reversion,entries until 10:30 + room ≥ 2 ATR to prior-day level,no,no,324,47,23.46,0.126,0.8,0.002,0.021,0.06,0.38,0.006,0.002,0.342,0.11,0.134,-0.05,-0.46,7/10,,,,
