strategy,timeframe,levers,learn_trades,learn_noStop,learn_perWeek,learn_winRate,learn_avgR,learn_totalR,learn_pf,learn_maxDDR,learn_t,learn_returnPct,learn_maxDDPct,test_trades,test_noStop,test_perWeek,test_winRate,test_avgR,test_totalR,test_pf,test_maxDDR,test_t,test_returnPct,test_maxDDPct,R_2019,R_2020,R_2021,R_2022,R_2023,R_2024,R_2025,R_2026
orb,5m,with daily trend + stop 2×ATR + target 3R,752,0,2.4,40.69,0.194,146.13,1.33,-20.6,3.43,293.99,-19.18,189,0,2.05,42.86,0.155,29.35,1.29,-16.9,1.49,31.53,-16.24,13.85,12.43,24.91,35.03,19.63,40.28,14.89,9.85
vwap_sigma,5m,with opening gap + break-even at 1R + room ≥ 5 ATR to prior-day level,2017,5,6.45,18.69,0.082,165,1.14,-95.05,1.32,95.71,-46.62,516,1,5.61,16.09,-0.067,-34.52,0.89,-94.6,-0.68,-31.74,-45.8,-53.11,85.2,19.03,66.67,46.66,0.54,-69.13,33.38
supertrend,15m,VWAP side + 15m bars + target 2R,976,0,3.12,54.1,0.068,66.41,1.29,-18.72,3.15,89.99,-18.03,270,0,2.93,45.19,-0.022,-5.91,0.91,-13.19,-0.59,-6.22,-12.74,9.3,12.22,24.07,21.57,-4.18,3.43,-6.68,-0.39
volume_spike,5m,target 2R,163,0,0.52,46.01,0.215,35.01,1.43,-6.73,2.05,36.87,-7.44,9,0,0.1,22.22,-0.348,-3.13,0.56,-7.1,-0.79,-2.9,-6.73,26.78,-1.12,8.39,-0.01,-0.36,1.33,-5.11,1.98
sweep_reclaim,5m,entries until 14:00 + with daily trend,345,0,1.1,37.68,0.224,77.19,1.4,-15.73,1.85,77.8,-16.36,96,0,1.04,36.46,-0.047,-4.52,0.91,-11.35,-0.35,-4.53,-16.54,1.91,30.2,-6.45,13.01,40.07,-1.54,7.11,-6.11
candle2,5m,with daily trend + target 2R + longs only,883,0,2.82,45.98,0.09,79.47,1.19,-21.69,2.27,117.82,-21.09,216,0,2.35,41.2,-0.013,-2.83,0.97,-27.92,-0.18,-4.18,-23.49,17.68,29.53,11.64,10.08,24.77,-14.24,-10.04,1.52
orb5_zarattini,5m,stop 1×ATR + room ≥ 5 ATR to prior-day level + break-even at 1R,935,0,2.99,13.37,0.29,271.42,1.59,-48.18,3.45,921.38,-40.16,302,0,3.28,11.59,0.028,8.58,1.05,-29.56,0.23,0.08,-28.42,97.62,54.64,47.68,36.66,26.44,8.37,11.78,-3.2
intraday_momentum,5m,with daily trend + shorts only,207,0,0.66,52.66,0.071,14.8,1.2,-13.35,1.09,14.89,-13.03,72,0,0.78,45.83,-0.021,-1.48,0.95,-11.66,-0.18,-1.78,-11.83,7.75,3.53,-0.79,-5.36,4.09,5.58,0.77,-1.86
noise_area,5m,stop 1.5×ATR + longs only + room ≥ 2 ATR to prior-day level,668,0,2.13,42.66,0.309,206.5,1.68,-13.3,5.01,598.03,-13.83,178,0,1.93,42.13,0.21,37.42,1.48,-14.06,1.65,42.03,-14.05,14.78,14.51,42.13,42.66,65.51,26.9,16.78,20.7
