strategy,risk$,learn_pass,learn_fail,test_pass,test_fail
Noise-area momentum (long only),150,25.7,2,0,2
Noise-area momentum (long only),200,41,9.7,0,26.8
Noise-area momentum (long only),250,48.1,17.4,0,27.8
Noise-area momentum (long only),300,57,23.9,1,37.5
Noise-area momentum (long only),400,51.4,41.6,1.5,60.5
Noise-area momentum (long only),500,44.9,49.3,3,81.5
Noise-area momentum (long only),600,43.5,51.9,3,86
Noise-area momentum (long only),750,40.7,55.6,3,89.5
Noise-area momentum (long only),1000,37.3,61.2,5.3,88.8
Opening range breakout + daily trend,150,27.8,9.5,33,13.8
Opening range breakout + daily trend,200,42.7,17.6,42.3,16
Opening range breakout + daily trend,250,48.9,31.9,43.8,40.3
Opening range breakout + daily trend,300,53,42.8,45.5,41.8
Opening range breakout + daily trend,400,50.9,49.1,46.8,47.3
Opening range breakout + daily trend,500,44.7,55.3,24.3,75.8
Opening range breakout + daily trend,600,41.3,58.7,23.8,76.3
Opening range breakout + daily trend,750,31.8,68.2,19.8,80.3
Opening range breakout + daily trend,1000,25.7,74.3,18.3,81.8
Combined: first signal of the day from the two above,150,48.4,6.3,13.8,33
Combined: first signal of the day from the two above,200,57.8,22.9,39,43.8
Combined: first signal of the day from the two above,250,56.3,36.1,44.5,45.8
Combined: first signal of the day from the two above,300,59.7,38.2,31.5,61.3
Combined: first signal of the day from the two above,400,52.2,47.7,33.3,66.8
Combined: first signal of the day from the two above,500,44.8,55.2,29.3,70.8
Combined: first signal of the day from the two above,600,39.6,60.4,25.3,74.8
Combined: first signal of the day from the two above,750,34.4,65.6,22.3,77.8
Combined: first signal of the day from the two above,1000,29.5,70.5,20.3,79.8
"5-min ORB, published rules (Zarattini & Aziz)",150,43.7,53.8,45.3,52.3
"5-min ORB, published rules (Zarattini & Aziz)",200,27.2,72.5,37,60.8
"5-min ORB, published rules (Zarattini & Aziz)",250,24.7,75.3,35.8,62
"5-min ORB, published rules (Zarattini & Aziz)",300,21.3,78.7,33.5,64.3
"5-min ORB, published rules (Zarattini & Aziz)",400,18.3,81.7,21,77.5
"5-min ORB, published rules (Zarattini & Aziz)",500,15.6,84.4,18,81.5
"5-min ORB, published rules (Zarattini & Aziz)",600,14.5,85.5,14.5,85.3
"5-min ORB, published rules (Zarattini & Aziz)",750,12.1,87.9,12.5,87.3
"5-min ORB, published rules (Zarattini & Aziz)",1000,10.2,89.8,11,88.8
"5-min ORB, 5R target",150,39.6,55.8,40,59.5
"5-min ORB, 5R target",200,32.3,67.7,42.5,57.5
"5-min ORB, 5R target",250,34.2,65.8,46.8,53.3
"5-min ORB, 5R target",300,32.3,67.7,48,52
"5-min ORB, 5R target",400,26.8,73.2,32.3,67.8
"5-min ORB, 5R target",500,21.9,78.1,27,73
"5-min ORB, 5R target",600,20.1,79.9,21.8,78.3
"5-min ORB, 5R target",750,17,83,19.3,80.8
"5-min ORB, 5R target",1000,14.1,85.9,17.5,82.5
"Volatility breakout (k=0.3, daily trend, stop 1.5×ATR)",150,54.3,15.4,2.3,0
"Volatility breakout (k=0.3, daily trend, stop 1.5×ATR)",200,60.6,21.9,17.5,24.8
"Volatility breakout (k=0.3, daily trend, stop 1.5×ATR)",250,58.5,36.2,28.5,28.2
"Volatility breakout (k=0.3, daily trend, stop 1.5×ATR)",300,52.9,44.3,20,50.2
"Volatility breakout (k=0.3, daily trend, stop 1.5×ATR)",400,45.1,53.2,14.8,67.3
"Volatility breakout (k=0.3, daily trend, stop 1.5×ATR)",500,39.2,59.1,8.5,80
"Volatility breakout (k=0.3, daily trend, stop 1.5×ATR)",600,34.8,63.7,9,83.3
"Volatility breakout (k=0.3, daily trend, stop 1.5×ATR)",750,29.1,70.1,8.5,86.5
"Volatility breakout (k=0.3, daily trend, stop 1.5×ATR)",1000,25.4,74.1,10.8,84.5
"Combined: ORB + daily trend, noise-area long, volatility breakout",150,59.5,23.7,28.5,12.8
"Combined: ORB + daily trend, noise-area long, volatility breakout",200,64,31.9,37.3,34.8
"Combined: ORB + daily trend, noise-area long, volatility breakout",250,57.5,40.7,40.3,48.5
"Combined: ORB + daily trend, noise-area long, volatility breakout",300,57.1,42,24.8,72.8
"Combined: ORB + daily trend, noise-area long, volatility breakout",400,47.5,52.5,23.8,76.3
"Combined: ORB + daily trend, noise-area long, volatility breakout",500,39.2,60.8,24.8,75.3
"Combined: ORB + daily trend, noise-area long, volatility breakout",600,35.9,64.1,23,77
"Combined: ORB + daily trend, noise-area long, volatility breakout",750,30.7,69.3,16,84
"Combined: ORB + daily trend, noise-area long, volatility breakout",1000,24.9,75.1,13.8,86.3
nq_prop_combo.js (the same combination as one strategy file),150,60.8,23.4,28.5,12.8
nq_prop_combo.js (the same combination as one strategy file),200,63.9,32,37.3,35
nq_prop_combo.js (the same combination as one strategy file),250,57.6,40.6,40,48.5
nq_prop_combo.js (the same combination as one strategy file),300,57.1,41.9,24.8,72.8
nq_prop_combo.js (the same combination as one strategy file),400,50,50,23.8,76.3
nq_prop_combo.js (the same combination as one strategy file),500,40.8,59.2,24.8,75.3
nq_prop_combo.js (the same combination as one strategy file),600,37.2,62.8,23,77
nq_prop_combo.js (the same combination as one strategy file),750,31.7,68.3,16,84
nq_prop_combo.js (the same combination as one strategy file),1000,25.8,74.2,14,86
