strategy,version,learn_n,learn_avgR,learn_t,learn_win,test_n,test_avgR,test_t,test_win
noise_area,final,668,0.309,5.01,42.7,178,0.21,1.65,42.1
noise_area,stop 1×ATR,771,0.362,4.67,35.4,210,0.213,1.33,33.8
noise_area,stop 2×ATR,636,0.233,4.7,45,168,0.154,1.48,44.6
noise_area,room 1 ATR,687,0.301,4.97,42.5,181,0.207,1.63,40.9
noise_area,room 3 ATR,649,0.312,4.99,43,175,0.186,1.45,41.7
noise_area,no room filter,712,0.286,4.84,42.3,186,0.203,1.63,40.9
noise_area,check every 15 min,903,0.236,4.72,38.3,232,0.178,1.74,40.5
noise_area,10-day noise average,703,0.248,4.17,41.4,197,0.106,0.87,39.1
noise_area,20-day noise average,654,0.288,4.61,41.9,167,0.175,1.27,37.1
noise_area,shorts too,1284,0.186,4.14,37.1,357,0.044,0.51,35
noise_area,3× costs,671,0.269,4.39,41.9,180,0.165,1.31,42.2
noise_area,control: long at 10:00, 1.5×ATR stop,1497,0.052,1.1,29.2,439,-0.067,-0.87,29.6
orb,final,752,0.194,3.43,40.7,189,0.155,1.49,42.9
orb,stop 1.5×ATR,752,0.204,3.28,35.2,189,0.204,1.7,37.6
orb,stop 3×ATR,752,0.112,2.52,48,189,0.094,1.13,48.7
orb,target 2R,752,0.149,3,43,189,0.159,1.66,44.4
orb,target 4R,752,0.196,3.3,40,189,0.155,1.4,41.8
orb,10-minute range,765,0.162,2.88,38.8,188,0.131,1.22,42.6
orb,30-minute range,761,0.096,1.85,40.9,206,-0.022,-0.25,40.3
orb,longs only,522,0.153,2.32,40.4,128,0.069,0.58,42.2
orb,without daily trend,1494,0.115,2.9,37.8,439,0.028,0.42,38.5
orb,3× costs,752,0.166,2.94,40.2,189,0.136,1.3,42.9
orb,control: long at 09:45, 2×ATR stop, 3R target,1497,0.08,2,34.8,439,-0.041,-0.59,32.8
orb5_zarattini (published rules),final,1495,0.129,2.06,23.5,439,0.144,1.26,28
orb5_zarattini (published rules),target 5R,1495,0.11,2.02,25.1,439,0.157,1.6,29.6
orb5_zarattini (published rules),hold to close (no target),1495,0.149,2.13,23.4,439,0.183,1.34,27.6
orb5_zarattini (published rules),longs only,787,0.159,1.9,25.3,220,-0.029,-0.2,25
orb5_zarattini (published rules),3× costs,1495,0.085,1.38,23.4,439,0.097,0.87,28
orb5_zarattini (published rules),control: long at 09:35, 1×ATR stop, 10R target,1497,0.138,1.94,18.4,439,-0.02,-0.16,17.1
