strategy,step,levers,learn_trades,learn_noStop,learn_perWeek,learn_winRate,learn_avgR,learn_totalR,learn_pf,learn_maxDDR,learn_t,learn_returnPct,learn_maxDDPct,test_trades,test_noStop,test_perWeek,test_winRate,test_avgR,test_totalR,test_pf,test_maxDDR,test_t,test_returnPct,test_maxDDPct
orb,0,(baseline),1494,0,4.77,43.84,0.06,89.11,1.12,-29.74,1.8,115.93,-27.16,439,0,4.77,45.33,0.026,11.36,1.06,-30.97,0.48,8.92,-27.75
orb,1,with daily trend,752,0,2.4,48.01,0.127,95.84,1.27,-16.66,2.76,145.54,-16.77,189,0,2.05,49.74,0.133,25.07,1.32,-15.88,1.56,26.84,-15.26
orb,2,with daily trend + stop 2×ATR,752,0,2.4,39.76,0.193,144.87,1.33,-19.64,3.19,284.38,-20.19,189,0,2.05,41.8,0.17,32.18,1.31,-16.48,1.49,34.83,-15.91
orb,3,with daily trend + stop 2×ATR + target 3R,752,0,2.4,40.69,0.194,146.13,1.33,-20.6,3.43,293.99,-19.18,189,0,2.05,42.86,0.155,29.35,1.29,-16.9,1.49,31.53,-16.24
orb,4,with daily trend + stop 2×ATR + target 3R + entries until 12:00,734,0,2.35,41.14,0.207,152.14,1.36,-19.58,3.6,318.64,-18.35,188,0,2.04,43.09,0.162,30.37,1.3,-16.9,1.54,32.88,-16.24
vwap_sigma,0,(baseline),5862,13,18.73,22.76,-0.05,-292.26,0.94,-389.45,-1.52,-86.41,-96.21,1520,1,16.51,23.22,-0.054,-82.6,0.93,-180.96,-0.86,-52.68,-77.1
vwap_sigma,1,with opening gap,3137,7,10.03,23.33,0.025,79.22,1.03,-148.8,0.51,24.53,-76.23,841,1,9.14,23.19,-0.034,-28.58,0.96,-150.38,-0.37,-29.54,-54.02
vwap_sigma,2,with opening gap + break-even at 1R,3267,7,10.44,17.91,0.049,161.27,1.08,-108,1.1,113.07,-64.03,876,1,9.52,16.1,-0.01,-8.82,0.98,-128.31,-0.12,-24.57,-50.31
vwap_sigma,3,with opening gap + break-even at 1R + room ≥ 5 ATR to prior-day level,2017,5,6.45,18.69,0.082,165,1.14,-95.05,1.32,95.71,-46.62,516,1,5.61,16.09,-0.067,-34.52,0.89,-94.6,-0.68,-31.74,-45.8
vwap_sigma,4,with opening gap + break-even at 1R + room ≥ 5 ATR to prior-day level + max 1 trade a day,699,1,2.23,20.6,0.163,114.23,1.27,-54.34,1.76,121.58,-22.34,182,0,1.98,14.84,-0.223,-40.59,0.62,-56.75,-2.13,-19.19,-28.22
vwap_sigma,5,with opening gap + break-even at 1R + room ≥ 5 ATR to prior-day level + max 1 trade a day + entries until 11:00,317,0,1.01,22.08,0.35,111.02,1.55,-25.93,2.15,115.02,-10.82,83,0,0.9,8.43,-0.362,-30.08,0.46,-40.82,-2.26,-17.29,-19.99
supertrend,0,(baseline),2979,0,9.52,44.95,0.032,96.03,1.09,-24.78,1.85,128.38,-23.89,858,0,9.32,45.57,0.016,13.4,1.05,-19.8,0.51,10.57,-18.86
supertrend,1,VWAP side,2322,0,7.42,46.43,0.054,124.9,1.16,-16.84,2.73,214.08,-16.21,662,0,7.19,45.17,0.027,17.71,1.08,-19.24,0.78,16.35,-18.23
supertrend,2,VWAP side + 15m bars,976,0,3.12,54.1,0.063,61.04,1.27,-17.78,2.92,80.13,-17.1,270,0,2.93,44.81,-0.03,-8.23,0.88,-13.19,-0.82,-8.36,-12.74
supertrend,3,VWAP side + 15m bars + target 2R,976,0,3.12,54.1,0.068,66.41,1.29,-18.72,3.15,89.99,-18.03,270,0,2.93,45.19,-0.022,-5.91,0.91,-13.19,-0.59,-6.22,-12.74
supertrend,4,VWAP side + 15m bars + target 2R + entries until 14:00,776,0,2.48,54.9,0.085,66.19,1.35,-14.89,3.35,90.07,-14.3,227,0,2.47,47.14,0.003,0.62,1.01,-12.71,0.06,0.14,-12.31
supertrend,5,VWAP side + 15m bars + target 2R + entries until 14:00 + with daily trend,325,0,1.04,61.85,0.145,47.19,1.68,-7.68,3.84,59.04,-7.46,91,0,0.99,47.25,-0.029,-2.6,0.89,-6.47,-0.44,-2.73,-7.02
volume_spike,0,(baseline),149,0,0.48,36.91,0.203,30.32,1.34,-12.46,1.23,34.89,-13.13,9,0,0.1,11.11,-0.424,-3.82,0.46,-7.1,-0.89,-3.58,-6.73
volume_spike,1,target 2R,163,0,0.52,46.01,0.215,35.01,1.43,-6.73,2.05,36.87,-7.44,9,0,0.1,22.22,-0.348,-3.13,0.56,-7.1,-0.79,-2.9,-6.73
sweep_reclaim,0,(baseline),900,0,2.88,33.67,0.088,79.18,1.16,-27.58,1.28,74.57,-30.98,258,0,2.8,34.5,-0.088,-22.79,0.83,-30.66,-1.14,-20.11,-27.93
sweep_reclaim,1,entries until 14:00,794,0,2.54,33.63,0.114,90.67,1.2,-30.16,1.5,95.31,-31.09,232,0,2.52,34.48,-0.104,-24.21,0.81,-31.48,-1.27,-20.52,-26.48
sweep_reclaim,2,entries until 14:00 + with daily trend,345,0,1.1,37.68,0.224,77.19,1.4,-15.73,1.85,77.8,-16.36,96,0,1.04,36.46,-0.047,-4.52,0.91,-11.35,-0.35,-4.53,-16.54
candle2,0,(baseline),2187,0,6.99,44.4,-0.048,-105.23,0.91,-113.75,-1.78,-63.97,-69.5,635,0,6.9,45.51,0.046,29.46,1.09,-46.59,0.8,17.63,-32.8
candle2,1,with daily trend,1308,0,4.18,49.69,-0.002,-2.66,1,-38.46,-0.06,-5.24,-29.68,368,0,4,47.28,0.1,36.73,1.21,-35.46,1.07,12.78,-26.62
candle2,2,with daily trend + target 2R,1277,0,4.08,44.24,0.056,71.28,1.11,-19.51,1.67,95.61,-19.92,363,0,3.94,39.94,-0.026,-9.5,0.95,-41.5,-0.43,-10.83,-32.29
candle2,3,with daily trend + target 2R + longs only,883,0,2.82,45.98,0.09,79.47,1.19,-21.69,2.27,117.82,-21.09,216,0,2.35,41.2,-0.013,-2.83,0.97,-27.92,-0.18,-4.18,-23.49
candle2,4,with daily trend + target 2R + longs only + room ≥ 5 ATR to prior-day level,646,0,2.06,46.59,0.126,81.62,1.27,-17.08,2.67,122.57,-16.95,159,0,1.73,36.48,-0.099,-15.77,0.81,-28.27,-1.16,-16.1,-25.48
candle2,5,with daily trend + target 2R + longs only + room ≥ 5 ATR to prior-day level + entries until 14:00,380,0,1.21,46.84,0.193,73.24,1.39,-13.83,2.9,99.38,-15.07,92,0,1,36.96,-0.056,-5.14,0.89,-22,-0.47,-6.25,-19.98
orb5_zarattini,0,(baseline),1495,0,4.78,23.55,0.129,193.55,1.17,-36,2.06,377.98,-32.35,439,0,4.77,28.02,0.144,63.32,1.2,-32.39,1.26,57.08,-28.1
orb5_zarattini,1,stop 1×ATR,1495,0,4.78,19.13,0.198,295.77,1.24,-48.63,2.65,994.33,-39.81,439,0,4.77,19.13,0.072,31.71,1.09,-28.08,0.57,18.48,-31.06
orb5_zarattini,2,stop 1×ATR + room ≥ 5 ATR to prior-day level,935,0,2.99,20.96,0.325,304.08,1.41,-55.4,3.26,1183.54,-44.68,302,0,3.28,19.87,0.113,34.09,1.14,-31.89,0.7,22.89,-31.81
orb5_zarattini,3,stop 1×ATR + room ≥ 5 ATR to prior-day level + break-even at 1R,935,0,2.99,13.37,0.29,271.42,1.59,-48.18,3.45,921.38,-40.16,302,0,3.28,11.59,0.028,8.58,1.05,-29.56,0.23,0.08,-28.42
intraday_momentum,0,(baseline),1497,0,4.78,46.36,-0.031,-46.19,0.92,-77.07,-1.3,-41.46,-55.5,439,0,4.77,47.84,-0.003,-1.25,0.99,-27.7,-0.07,-3,-25.22
intraday_momentum,1,with daily trend,771,0,2.46,50.06,0.025,19.34,1.07,-25.9,0.75,15.65,-24.19,223,0,2.42,49.33,0.011,2.35,1.03,-18.61,0.16,1.37,-17.92
intraday_momentum,2,with daily trend + shorts only,207,0,0.66,52.66,0.071,14.8,1.2,-13.35,1.09,14.89,-13.03,72,0,0.78,45.83,-0.021,-1.48,0.95,-11.66,-0.18,-1.78,-11.83
noise_area,0,(baseline),2021,9,6.46,25.93,0.172,348.28,1.26,-65.13,1.84,519.23,-41.52,564,0,6.13,22.7,0.053,30.1,1.08,-81.39,0.31,13.39,-46.79
noise_area,1,stop 1.5×ATR,1373,0,4.39,37.14,0.178,244.09,1.35,-20.46,4.1,834.77,-19.55,381,0,4.14,33.86,0.081,30.94,1.15,-29.75,0.89,28.85,-27.97
noise_area,2,stop 1.5×ATR + longs only,712,0,2.28,42.28,0.286,203.7,1.63,-14.3,4.84,577.65,-14.71,186,0,2.02,40.86,0.203,37.68,1.45,-16.46,1.63,42.26,-15.46
noise_area,3,stop 1.5×ATR + longs only + room ≥ 2 ATR to prior-day level,668,0,2.13,42.66,0.309,206.5,1.68,-13.3,5.01,598.03,-13.83,178,0,1.93,42.13,0.21,37.42,1.48,-14.06,1.65,42.03,-14.05
noise_area,4,stop 1.5×ATR + longs only + room ≥ 2 ATR to prior-day level + VWAP side,657,0,2.1,43.07,0.319,209.75,1.71,-11.77,5.14,622.07,-12.54,178,0,1.93,41.57,0.181,32.3,1.4,-13.74,1.43,34.81,-13.77
