family,strategy,in_coins,in_median_sharpe,in_mean_cagr,in_median_max_dd,in_beats_bh_sharpe,in_positive,in_exposure,in_trades_per_year,out_coins,out_median_sharpe,out_mean_cagr,out_median_max_dd,out_beats_bh_sharpe,out_positive,out_exposure,out_trades_per_year,post_paper_coins,post_paper_median_sharpe,post_paper_mean_cagr,post_paper_median_max_dd,post_paper_beats_bh_sharpe,post_paper_positive,post_paper_exposure,post_paper_trades_per_year,portfolio_out_cagr,portfolio_out_sharpe,portfolio_out_max_dd,hindsight_best_out,hindsight_best_out_sharpe
Donchian ensemble,"Donchian ensemble, 25% vol target (paper)",5,1.44,22.6,-10.3,4,5,9.5,13.3,9,0.59,6.4,-15.5,7,8,9.9,17.1,9,0.17,0.9,-13.1,3,6,9.4,17.7,5.93,0.75,-13.21,"Donchian ensemble, 25% vol target (paper)",0.59
N-day high hold,50d high hold,5,0.51,15.5,-36.6,1,3,9.5,18.1,9,0.55,13.6,-27.9,6,6,6.5,12.1,9,0.52,7.7,-19.6,6,6,5.9,10.8,13.51,0.96,-13.33,50d high hold,0.55
Time-series momentum,TSMOM 30d,5,1.56,118.9,-70.9,4,5,57.2,12.7,9,0.53,7.7,-74.1,5,5,47.1,16.3,9,-0.03,-0.6,-56.7,3,3,48.3,17.5,8.0,0.39,-56.29,TSMOM 30d,0.53
Donchian trend (single),Donchian 10d,5,1.42,112.5,-44.0,4,5,38.6,15.1,9,0.44,14.2,-53.9,6,7,32.7,16.5,9,0.07,-5.5,-45.3,3,3,31.7,17.0,15.89,0.63,-47.05,Donchian 30d,0.53
Donchian ensemble vote,Donchian ensemble vote >= 67%,5,1.42,66.4,-38.5,3,4,17.7,4.6,9,0.41,5.4,-42.8,3,5,9.6,4.7,9,-0.64,-8.2,-21.2,1,2,5.2,4.3,6.96,0.48,-30.37,Donchian ensemble vote >= 34%,0.52
Price above SMA,Close > SMA 20,5,1.5,137.4,-54.8,4,5,53.2,18.1,9,0.4,8.1,-69.8,5,6,46.0,21.1,9,0.17,-2.3,-61.4,4,4,46.7,21.8,12.35,0.49,-58.62,Close > SMA 150,0.57
SMA crossover,SMA 20/100 cross,5,1.4,94.5,-68.7,4,4,60.1,2.1,9,0.36,8.1,-60.6,5,7,42.9,2.4,9,0.26,2.1,-40.7,6,5,38.1,2.5,12.01,0.49,-44.14,SMA 10/50 cross,0.56
Buy and hold,Buy and hold,5,1.3,95.0,-83.8,0,5,100.0,0.3,9,0.33,-1.7,-80.1,0,3,100.0,0.2,9,0.25,-10.2,-73.1,0,4,100.0,0.7,-1.08,0.32,-72.0,Buy and hold,0.33
Time-series momentum long/short,TSMOM 30d L/S,5,1.02,42.4,-85.2,0,4,100.0,0.3,9,0.3,-13.3,-80.6,2,4,100.0,0.2,9,-0.03,-13.2,-69.4,4,2,100.0,0.7,-6.57,0.15,-62.86,TSMOM 30d L/S,0.3
RSI(2) pullback,RSI(2) < 10 above SMA 200,5,0.34,7.4,-41.5,0,3,9.0,8.4,9,0.27,0.7,-31.4,3,5,7.1,6.2,9,0.52,6.4,-8.7,6,6,3.7,3.6,1.83,0.2,-12.72,RSI(2) < 5 above SMA 200,0.28
Volatility breakout,Vol breakout k=0.5,5,1.51,117.7,-35.5,4,5,38.6,92.5,9,0.11,-9.8,-66.4,1,3,41.2,93.3,9,-0.14,-9.1,-53.8,2,3,41.7,93.1,-8.28,-0.14,-48.15,Vol breakout k=0.7,0.52
Volatility breakout + trend,"Vol breakout k=0.3, close > SMA 50",5,1.49,76.8,-38.4,4,5,32.5,52.9,9,-0.01,-10.6,-60.0,2,2,27.2,42.5,9,0.13,-10.7,-37.8,3,3,27.9,44.0,-8.6,-0.26,-44.53,"Vol breakout k=0.7, close > SMA 50",0.47
