family,strategy,in_coins,in_median_sharpe,in_mean_cagr,in_median_max_dd,in_beats_bh_sharpe,in_positive,in_exposure,in_trades_per_year,out_coins,out_median_sharpe,out_mean_cagr,out_median_max_dd,out_beats_bh_sharpe,out_positive,out_exposure,out_trades_per_year,post_paper_coins,post_paper_median_sharpe,post_paper_mean_cagr,post_paper_median_max_dd,post_paper_beats_bh_sharpe,post_paper_positive,post_paper_exposure,post_paper_trades_per_year,portfolio_out_cagr,portfolio_out_sharpe,portfolio_out_max_dd
Buy and hold,Buy and hold,5,1.3,95.0,-83.8,0,5,100.0,0.3,9,0.33,-1.7,-80.1,0,3,100.0,0.2,9,0.25,-10.2,-73.1,0,4,100.0,0.7,-1.08,0.32,-72.0
Time-series momentum,TSMOM 10d,5,1.26,126.8,-58.0,4,5,54.6,24.7,9,0.18,-3.7,-73.5,1,3,48.5,28.6,9,-0.28,-20.8,-64.2,0,1,48.7,29.4,-1.79,0.15,-62.31
Time-series momentum,TSMOM 20d,5,1.49,122.4,-58.3,4,5,55.9,16.2,9,0.22,5.2,-66.0,4,4,47.1,19.5,9,0.24,1.9,-56.6,7,5,47.4,21.0,6.47,0.36,-52.98
Time-series momentum,TSMOM 30d,5,1.56,118.9,-70.9,4,5,57.2,12.7,9,0.53,7.7,-74.1,5,5,47.1,16.3,9,-0.03,-0.6,-56.7,3,3,48.3,17.5,8.0,0.39,-56.29
Time-series momentum,TSMOM 60d,5,0.99,76.2,-72.3,3,5,60.1,8.5,9,0.52,11.6,-61.0,5,8,44.7,11.1,9,0.43,10.7,-37.5,7,5,43.6,9.4,15.18,0.55,-47.69
Time-series momentum,TSMOM 90d,5,0.9,60.5,-78.5,3,4,62.7,7.7,9,0.39,6.2,-62.3,6,7,42.9,8.1,9,0.19,-2.2,-42.1,3,3,35.7,7.4,10.93,0.46,-45.98
Time-series momentum,TSMOM 120d,5,0.98,73.4,-72.7,3,5,62.0,5.5,9,0.45,15.6,-60.5,8,8,41.3,5.3,9,0.14,2.9,-43.3,6,4,29.8,4.6,20.85,0.68,-47.68
Time-series momentum,TSMOM 180d,5,0.71,49.2,-83.7,1,4,65.7,5.0,9,0.03,-1.9,-77.2,3,3,43.6,5.8,9,0.17,-2.1,-42.8,4,4,30.9,4.5,1.66,0.24,-55.89
Time-series momentum long/short,TSMOM 20d L/S,5,0.92,51.4,-83.7,2,4,100.0,0.3,9,0.07,-18.4,-92.4,2,2,100.0,0.2,9,0.13,-10.7,-63.1,5,1,100.0,0.7,-9.03,0.1,-65.22
Time-series momentum long/short,TSMOM 30d L/S,5,1.02,42.4,-85.2,0,4,100.0,0.3,9,0.3,-13.3,-80.6,2,4,100.0,0.2,9,-0.03,-13.2,-69.4,4,2,100.0,0.7,-6.57,0.15,-62.86
Time-series momentum long/short,TSMOM 60d L/S,5,0.79,19.9,-86.2,0,3,100.0,0.3,9,0.29,-7.7,-91.2,4,3,100.0,0.2,9,0.55,6.1,-69.3,6,6,100.0,0.7,5.05,0.38,-69.02
Time-series momentum long/short,TSMOM 90d L/S,5,0.68,1.3,-94.2,0,3,100.0,0.3,9,0.23,-18.0,-90.6,2,1,100.0,0.2,9,-0.02,-17.7,-61.7,3,2,100.0,0.7,-3.33,0.24,-72.74
Price above SMA,Close > SMA 10,5,1.3,107.1,-57.5,3,5,53.6,30.3,9,0.32,5.0,-72.0,3,6,46.9,33.8,9,0.13,-9.6,-59.6,3,3,46.7,34.9,7.09,0.37,-61.61
Price above SMA,Close > SMA 20,5,1.5,137.4,-54.8,4,5,53.2,18.1,9,0.4,8.1,-69.8,5,6,46.0,21.1,9,0.17,-2.3,-61.4,4,4,46.7,21.8,12.35,0.49,-58.62
Price above SMA,Close > SMA 30,5,1.21,104.7,-62.7,3,5,54.2,14.6,9,0.46,5.6,-65.7,4,5,45.4,17.3,9,0.21,2.6,-55.4,5,4,46.8,18.1,9.86,0.44,-48.63
Price above SMA,Close > SMA 50,5,1.12,94.7,-62.1,3,5,55.5,11.1,9,0.49,8.3,-74.3,5,5,44.6,12.7,9,0.34,10.5,-55.6,6,5,46.1,12.7,10.18,0.44,-49.75
Price above SMA,Close > SMA 100,5,0.95,69.2,-65.3,2,5,58.5,7.8,9,0.42,5.8,-69.2,4,5,42.5,8.6,9,0.43,11.3,-41.7,7,7,37.7,6.4,8.92,0.42,-50.95
Price above SMA,Close > SMA 150,5,0.99,59.5,-71.4,3,3,58.9,6.3,9,0.57,13.5,-61.5,8,7,40.9,5.6,9,0.51,4.3,-45.9,6,6,31.1,5.3,19.0,0.65,-41.06
Price above SMA,Close > SMA 200,5,0.98,58.4,-79.6,1,4,59.7,5.1,9,0.24,5.1,-69.8,4,4,39.8,5.0,9,0.28,-1.3,-41.3,6,5,28.2,5.1,10.0,0.44,-51.77
SMA crossover,SMA 10/50 cross,5,1.34,112.8,-69.9,3,5,56.1,4.3,9,0.56,10.1,-63.4,5,6,44.5,5.0,9,0.36,9.8,-50.6,7,6,45.8,5.0,13.59,0.52,-45.74
SMA crossover,SMA 20/50 cross,5,1.19,96.7,-68.6,3,5,57.2,3.6,9,0.34,3.4,-63.2,6,7,45.1,4.2,9,0.61,12.9,-40.9,7,6,46.0,4.1,6.79,0.36,-54.86
SMA crossover,SMA 20/100 cross,5,1.4,94.5,-68.7,4,4,60.1,2.1,9,0.36,8.1,-60.6,5,7,42.9,2.4,9,0.26,2.1,-40.7,6,5,38.1,2.5,12.01,0.49,-44.14
SMA crossover,SMA 50/200 cross,5,1.12,66.8,-79.5,1,5,61.2,1.3,9,0.09,-4.2,-72.2,1,2,40.0,1.2,9,-0.24,-10.9,-44.2,0,1,26.4,1.5,0.18,0.2,-56.01
Donchian trend (single),Donchian 10d,5,1.42,112.5,-44.0,4,5,38.6,15.1,9,0.44,14.2,-53.9,6,7,32.7,16.5,9,0.07,-5.5,-45.3,3,3,31.7,17.0,15.89,0.63,-47.05
Donchian trend (single),Donchian 20d,5,1.19,107.0,-46.2,3,5,39.2,7.9,9,0.38,17.2,-51.7,5,7,30.7,8.2,9,0.42,1.9,-42.6,5,6,31.0,9.1,19.24,0.73,-38.97
Donchian trend (single),Donchian 30d,5,1.24,99.9,-53.8,3,5,38.1,5.3,9,0.53,9.0,-56.2,6,5,28.6,5.8,9,0.25,-1.5,-39.7,4,5,28.1,6.1,10.79,0.5,-36.85
Donchian trend (single),Donchian 60d,5,0.73,53.5,-63.5,2,4,37.0,3.3,9,0.38,7.7,-62.7,5,6,27.0,3.1,9,0.2,-2.8,-41.7,4,5,27.0,3.4,10.43,0.48,-39.88
Donchian trend (single),Donchian 90d,5,1.13,57.8,-57.3,1,4,35.2,2.3,9,0.3,4.7,-60.3,4,5,24.6,2.1,9,0.02,-2.8,-33.4,3,3,22.1,2.2,8.1,0.42,-40.26
Donchian trend (single),Donchian 150d,5,1.14,55.4,-53.2,0,4,31.4,1.6,9,0.4,4.4,-56.1,4,6,23.7,1.4,9,0.05,-7.4,-32.4,1,4,18.8,1.3,7.89,0.41,-41.49
Donchian ensemble,Donchian ensemble (average),5,1.23,81.4,-42.6,3,5,35.2,13.3,9,0.41,10.3,-49.0,6,7,26.6,17.1,9,-0.03,-2.1,-32.5,3,4,23.0,17.7,10.69,0.55,-38.47
Donchian ensemble,"Donchian ensemble, 25% vol target (paper)",5,1.44,22.6,-10.3,4,5,9.5,13.3,9,0.59,6.4,-15.5,7,8,9.9,17.1,9,0.17,0.9,-13.1,3,6,9.4,17.7,5.93,0.75,-13.21
Donchian ensemble vote,Donchian ensemble vote >= 34%,5,1.2,89.5,-53.8,3,5,41.3,8.0,9,0.52,12.0,-58.8,7,6,30.6,9.0,9,0.44,-2.1,-36.9,5,5,26.3,10.0,14.99,0.62,-41.49
Donchian ensemble vote,Donchian ensemble vote >= 50%,5,1.13,74.7,-50.9,2,4,32.0,6.5,9,0.45,14.0,-40.3,6,7,21.8,6.4,9,0.3,-0.4,-26.1,6,6,17.4,7.1,16.19,0.71,-29.07
Donchian ensemble vote,Donchian ensemble vote >= 67%,5,1.42,66.4,-38.5,3,4,17.7,4.6,9,0.41,5.4,-42.8,3,5,9.6,4.7,9,-0.64,-8.2,-21.2,1,2,5.2,4.3,6.96,0.48,-30.37
N-day high hold,10d high hold,5,0.32,27.9,-44.2,2,3,19.0,35.5,9,0.41,15.0,-42.2,4,6,16.4,31.1,9,0.95,20.7,-24.4,7,7,15.2,27.9,15.48,0.78,-24.16
N-day high hold,20d high hold,5,0.35,19.3,-51.7,2,3,14.2,26.5,9,0.5,12.9,-35.8,4,5,11.0,20.7,9,0.77,16.8,-20.5,7,7,10.4,18.4,12.84,0.78,-20.63
N-day high hold,30d high hold,5,0.41,21.1,-39.2,2,3,12.1,22.3,9,0.5,13.6,-29.3,6,6,8.6,16.3,9,0.61,11.4,-19.5,7,7,7.9,14.3,13.12,0.87,-14.37
N-day high hold,50d high hold,5,0.51,15.5,-36.6,1,3,9.5,18.1,9,0.55,13.6,-27.9,6,6,6.5,12.1,9,0.52,7.7,-19.6,6,6,5.9,10.8,13.51,0.96,-13.33
Volatility breakout,Vol breakout k=0.3,5,1.43,141.5,-50.3,5,5,57.4,95.0,9,-0.27,-20.5,-80.8,1,1,60.0,90.2,9,-0.27,-19.4,-56.3,3,2,59.7,90.1,-18.89,-0.33,-69.42
Volatility breakout + trend,"Vol breakout k=0.3, close > SMA 50",5,1.49,76.8,-38.4,4,5,32.5,52.9,9,-0.01,-10.6,-60.0,2,2,27.2,42.5,9,0.13,-10.7,-37.8,3,3,27.9,44.0,-8.6,-0.26,-44.53
Volatility breakout,Vol breakout k=0.5,5,1.51,117.7,-35.5,4,5,38.6,92.5,9,0.11,-9.8,-66.4,1,3,41.2,93.3,9,-0.14,-9.1,-53.8,2,3,41.7,93.1,-8.28,-0.14,-48.15
Volatility breakout + trend,"Vol breakout k=0.5, close > SMA 50",5,1.36,64.4,-34.1,3,5,22.4,51.2,9,0.21,-3.3,-49.9,2,5,18.8,43.4,9,0.38,-0.6,-28.7,6,5,19.3,44.6,-1.73,-0.01,-27.58
Volatility breakout,Vol breakout k=0.7,5,1.51,102.7,-32.5,4,5,27.0,78.7,9,0.52,4.2,-52.0,4,5,28.2,79.5,9,0.41,9.9,-27.5,5,5,28.5,80.1,6.17,0.37,-29.87
Volatility breakout + trend,"Vol breakout k=0.7, close > SMA 50",5,1.43,68.5,-27.1,4,5,15.4,43.9,9,0.47,3.1,-32.4,5,5,13.1,36.6,9,0.46,5.4,-29.4,6,6,13.5,38.2,4.07,0.36,-18.5
RSI(2) pullback,RSI(2) < 5 above SMA 200,5,0.28,5.5,-28.5,0,4,4.4,4.0,9,0.28,2.7,-19.1,4,7,3.3,3.0,9,0.71,4.7,-7.1,7,7,2.4,2.1,3.37,0.41,-9.38
RSI(2) pullback,RSI(2) < 10 above SMA 200,5,0.34,7.4,-41.5,0,3,9.0,8.4,9,0.27,0.7,-31.4,3,5,7.1,6.2,9,0.52,6.4,-8.7,6,6,3.7,3.6,1.83,0.2,-12.72
RSI(2) pullback,RSI(2) < 20 above SMA 200,5,0.33,11.5,-64.8,0,4,16.9,15.8,9,-0.05,-3.4,-50.4,3,3,13.0,11.1,9,0.78,12.1,-14.7,9,9,7.8,7.9,-2.29,-0.03,-31.69
