strategy,symbol,period,from,to,return_pct,cagr_pct,sharpe,max_dd_pct,result_id
50d High Hold,AVAXUSDT,all,2021-09-16,2026-10-03,88.4,13.4,0.54,-29.5,01M420FE285Q6NF8JJDVQPSVDB
Buy and hold,AVAXUSDT,all,2021-09-16,2026-10-03,-84.0,-30.5,0.09,-95.6,01M420FFJT4RW58DF44ERKMW0C
Donchian Trend Ensemble,AVAXUSDT,all,2021-09-16,2026-10-03,495.9,42.4,1.01,-32.6,01M420FCMNSFBPXA0B920P61KQ
50d High Hold,BTCUSDT,all,2020-03-26,2026-10-03,108.5,11.9,0.64,-39.7,01M420EQNTW6TC8A13TSY8416K
Buy and hold,BTCUSDT,all,2020-03-26,2026-10-03,1153.3,47.4,0.96,-76.5,01M41Y93V9F39HHRD28CHEPK54
Donchian Trend Ensemble,BTCUSDT,all,2020-03-26,2026-10-03,340.8,25.5,0.83,-52.3,01M420ENV3WP4SA3EGPX5SAN75
50d High Hold,DOGEUSDT,all,2021-06-03,2026-10-03,579.2,43.2,1.06,-27.8,01M420F9J13TNKZ7BJZPCX3N7R
Buy and hold,DOGEUSDT,all,2021-06-03,2026-10-03,-76.8,-24.0,0.17,-86.8,01M420FB39235CQPT6RVJPDNED
Donchian Trend Ensemble,DOGEUSDT,all,2021-06-03,2026-10-03,-15.7,-3.2,0.17,-63.7,01M420F839GN8J2JKY3H27AQYH
50d High Hold,ETHUSDT,all,2021-03-16,2026-10-03,21.4,3.6,0.3,-21.2,01M420ETWECQRMHDN5TDWH1HSH
Buy and hold,ETHUSDT,all,2021-03-16,2026-10-03,47.6,7.3,0.47,-79.3,01M420EWC0GC9CNE7MQZEP9E13
Donchian Trend Ensemble,ETHUSDT,all,2021-03-16,2026-10-03,11.5,2.0,0.22,-42.4,01M420ESBSQNQG4ARJ71E0ZJF2
50d High Hold,LINKUSDT,all,2020-10-22,2026-10-03,-52.8,-11.9,-0.31,-67.1,01M420F4WTG4YZ9KEVDFVD5ZNR
Buy and hold,LINKUSDT,all,2020-10-22,2026-10-03,15.7,2.5,0.52,-90.2,01M420F6EBQXH4PE1G0TXTQ6TB
Donchian Trend Ensemble,LINKUSDT,all,2020-10-22,2026-10-03,4.1,0.7,0.24,-61.6,01M420F3ANMMZHMW2W9CBQZ9GP
50d High Hold,SOLUSDT,all,2021-10-16,2026-10-03,221.8,26.6,0.9,-25.2,01M420EZTF0H3KJABX0V5KC63Q
Buy and hold,SOLUSDT,all,2021-10-16,2026-10-03,-24.7,-5.5,0.44,-96.2,01M420F1CXSZXXRGT469ZMKTZD
Donchian Trend Ensemble,SOLUSDT,all,2021-10-16,2026-10-03,413.8,39.1,0.93,-40.6,01M420EY4Z6YTB02HWGS2XCRQ2
50d High Hold,AVAXUSDT,before 2022,2021-09-16,2021-12-31,5.4,19.9,0.65,-8.2,01M420FE285Q6NF8JJDVQPSVDB
Buy and hold,AVAXUSDT,before 2022,2021-09-16,2021-12-31,61.6,422.9,1.93,-41.4,01M420FFJT4RW58DF44ERKMW0C
Donchian Trend Ensemble,AVAXUSDT,before 2022,2021-09-16,2021-12-31,6.0,22.1,0.7,-14.6,01M420FCMNSFBPXA0B920P61KQ
50d High Hold,BTCUSDT,before 2022,2020-03-26,2021-12-31,16.8,9.2,0.45,-34.0,01M420EQNTW6TC8A13TSY8416K
Buy and hold,BTCUSDT,before 2022,2020-03-26,2021-12-31,586.0,197.6,1.85,-53.2,01M41Y93V9F39HHRD28CHEPK54
Donchian Trend Ensemble,BTCUSDT,before 2022,2020-03-26,2021-12-31,53.0,27.2,0.73,-50.3,01M420ENV3WP4SA3EGPX5SAN75
50d High Hold,DOGEUSDT,before 2022,2021-06-03,2021-12-31,6.7,11.9,0.6,-9.9,01M420F9J13TNKZ7BJZPCX3N7R
Buy and hold,DOGEUSDT,before 2022,2021-06-03,2021-12-31,-57.5,-77.3,-0.64,-60.8,01M420FB39235CQPT6RVJPDNED
Donchian Trend Ensemble,DOGEUSDT,before 2022,2021-06-03,2021-12-31,-12.1,-20.0,-1.88,-12.1,01M420F839GN8J2JKY3H27AQYH
50d High Hold,ETHUSDT,before 2022,2021-03-16,2021-12-31,2.5,3.1,0.25,-12.0,01M420ETWECQRMHDN5TDWH1HSH
Buy and hold,ETHUSDT,before 2022,2021-03-16,2021-12-31,103.5,144.7,1.39,-57.3,01M420EWC0GC9CNE7MQZEP9E13
Donchian Trend Ensemble,ETHUSDT,before 2022,2021-03-16,2021-12-31,-2.9,-3.7,0.04,-20.5,01M420ESBSQNQG4ARJ71E0ZJF2
50d High Hold,LINKUSDT,before 2022,2020-10-22,2021-12-31,-44.1,-38.6,-0.94,-53.4,01M420F4WTG4YZ9KEVDFVD5ZNR
Buy and hold,LINKUSDT,before 2022,2020-10-22,2021-12-31,63.3,50.9,0.99,-73.7,01M420F6EBQXH4PE1G0TXTQ6TB
Donchian Trend Ensemble,LINKUSDT,before 2022,2020-10-22,2021-12-31,-37.3,-32.4,-0.41,-43.9,01M420F3ANMMZHMW2W9CBQZ9GP
50d High Hold,SOLUSDT,before 2022,2021-10-16,2021-12-31,0.0,0.0,,0.0,01M420EZTF0H3KJABX0V5KC63Q
Buy and hold,SOLUSDT,before 2022,2021-10-16,2021-12-31,7.8,43.7,0.86,-40.0,01M420F1CXSZXXRGT469ZMKTZD
Donchian Trend Ensemble,SOLUSDT,before 2022,2021-10-16,2021-12-31,0.0,0.0,,0.0,01M420EY4Z6YTB02HWGS2XCRQ2
50d High Hold,AVAXUSDT,2022 on,2022-01-01,2026-10-03,78.7,13.0,0.53,-28.0,01M420FE285Q6NF8JJDVQPSVDB
Buy and hold,AVAXUSDT,2022 on,2022-01-01,2026-10-03,-90.5,-39.1,-0.07,-94.8,01M420FFJT4RW58DF44ERKMW0C
Donchian Trend Ensemble,AVAXUSDT,2022 on,2022-01-01,2026-10-03,462.3,43.8,1.02,-32.6,01M420FCMNSFBPXA0B920P61KQ
50d High Hold,BTCUSDT,2022 on,2022-01-01,2026-10-03,78.5,13.0,0.76,-20.7,01M420EQNTW6TC8A13TSY8416K
Buy and hold,BTCUSDT,2022 on,2022-01-01,2026-10-03,76.9,12.7,0.49,-67.0,01M41Y93V9F39HHRD28CHEPK54
Donchian Trend Ensemble,BTCUSDT,2022 on,2022-01-01,2026-10-03,188.1,24.9,0.94,-20.5,01M420ENV3WP4SA3EGPX5SAN75
50d High Hold,DOGEUSDT,2022 on,2022-01-01,2026-10-03,536.4,47.6,1.11,-24.3,01M420F9J13TNKZ7BJZPCX3N7R
Buy and hold,DOGEUSDT,2022 on,2022-01-01,2026-10-03,-46.4,-12.3,0.29,-85.3,01M420FB39235CQPT6RVJPDNED
Donchian Trend Ensemble,DOGEUSDT,2022 on,2022-01-01,2026-10-03,-4.1,-0.9,0.23,-63.7,01M420F839GN8J2JKY3H27AQYH
50d High Hold,ETHUSDT,2022 on,2022-01-01,2026-10-03,18.5,3.6,0.31,-21.2,01M420ETWECQRMHDN5TDWH1HSH
Buy and hold,ETHUSDT,2022 on,2022-01-01,2026-10-03,-29.1,-7.0,0.24,-74.0,01M420EWC0GC9CNE7MQZEP9E13
Donchian Trend Ensemble,ETHUSDT,2022 on,2022-01-01,2026-10-03,14.9,3.0,0.25,-38.7,01M420ESBSQNQG4ARJ71E0ZJF2
50d High Hold,LINKUSDT,2022 on,2022-01-01,2026-10-03,-15.6,-3.5,-0.04,-40.4,01M420F4WTG4YZ9KEVDFVD5ZNR
Buy and hold,LINKUSDT,2022 on,2022-01-01,2026-10-03,-33.3,-8.2,0.33,-81.6,01M420F6EBQXH4PE1G0TXTQ6TB
Donchian Trend Ensemble,LINKUSDT,2022 on,2022-01-01,2026-10-03,66.1,11.3,0.45,-40.3,01M420F3ANMMZHMW2W9CBQZ9GP
50d High Hold,SOLUSDT,2022 on,2022-01-01,2026-10-03,221.8,27.9,0.92,-25.2,01M420EZTF0H3KJABX0V5KC63Q
Buy and hold,SOLUSDT,2022 on,2022-01-01,2026-10-03,-33.6,-8.3,0.41,-94.5,01M420F1CXSZXXRGT469ZMKTZD
Donchian Trend Ensemble,SOLUSDT,2022 on,2022-01-01,2026-10-03,413.8,41.1,0.95,-40.6,01M420EY4Z6YTB02HWGS2XCRQ2
50d High Hold,AVAXUSDT,since Apr 2025,2025-04-01,2026-10-03,44.2,27.5,1.0,-15.7,01M420FE285Q6NF8JJDVQPSVDB
Buy and hold,AVAXUSDT,since Apr 2025,2025-04-01,2026-10-03,-45.5,-33.2,-0.09,-83.2,01M420FFJT4RW58DF44ERKMW0C
Donchian Trend Ensemble,AVAXUSDT,since Apr 2025,2025-04-01,2026-10-03,27.1,17.3,0.61,-21.6,01M420FCMNSFBPXA0B920P61KQ
50d High Hold,BTCUSDT,since Apr 2025,2025-04-01,2026-10-03,9.9,6.5,0.49,-8.4,01M420EQNTW6TC8A13TSY8416K
Buy and hold,BTCUSDT,since Apr 2025,2025-04-01,2026-10-03,-0.8,-0.6,0.2,-52.9,01M41Y93V9F39HHRD28CHEPK54
Donchian Trend Ensemble,BTCUSDT,since Apr 2025,2025-04-01,2026-10-03,8.6,5.6,0.37,-17.3,01M420ENV3WP4SA3EGPX5SAN75
50d High Hold,DOGEUSDT,since Apr 2025,2025-04-01,2026-10-03,73.6,44.2,1.44,-10.6,01M420F9J13TNKZ7BJZPCX3N7R
Buy and hold,DOGEUSDT,since Apr 2025,2025-04-01,2026-10-03,-46.6,-34.1,-0.13,-76.2,01M420FB39235CQPT6RVJPDNED
Donchian Trend Ensemble,DOGEUSDT,since Apr 2025,2025-04-01,2026-10-03,-34.0,-24.1,-0.82,-48.3,01M420F839GN8J2JKY3H27AQYH
50d High Hold,ETHUSDT,since Apr 2025,2025-04-01,2026-10-03,28.7,18.2,1.01,-17.1,01M420ETWECQRMHDN5TDWH1HSH
Buy and hold,ETHUSDT,since Apr 2025,2025-04-01,2026-10-03,40.0,25.0,0.66,-67.6,01M420EWC0GC9CNE7MQZEP9E13
Donchian Trend Ensemble,ETHUSDT,since Apr 2025,2025-04-01,2026-10-03,1.5,1.0,0.19,-32.4,01M420ESBSQNQG4ARJ71E0ZJF2
50d High Hold,LINKUSDT,since Apr 2025,2025-04-01,2026-10-03,11.9,7.7,0.42,-26.4,01M420F4WTG4YZ9KEVDFVD5ZNR
Buy and hold,LINKUSDT,since Apr 2025,2025-04-01,2026-10-03,-1.5,-1.0,0.38,-73.2,01M420F6EBQXH4PE1G0TXTQ6TB
Donchian Trend Ensemble,LINKUSDT,since Apr 2025,2025-04-01,2026-10-03,50.3,31.1,0.89,-20.4,01M420F3ANMMZHMW2W9CBQZ9GP
50d High Hold,SOLUSDT,since Apr 2025,2025-04-01,2026-10-03,7.4,4.8,0.33,-20.4,01M420EZTF0H3KJABX0V5KC63Q
Buy and hold,SOLUSDT,since Apr 2025,2025-04-01,2026-10-03,-6.2,-4.1,0.29,-74.8,01M420F1CXSZXXRGT469ZMKTZD
Donchian Trend Ensemble,SOLUSDT,since Apr 2025,2025-04-01,2026-10-03,22.1,14.2,0.63,-19.6,01M420EY4Z6YTB02HWGS2XCRQ2
